Date,0
2015-01-02,0.17857142857142858
2015-01-05,0.17857142857142858
2015-01-06,0.17857142857142858
2015-01-07,0.17857142857142858
2015-01-08,0.17857142857142858
2015-01-09,0.17857142857142858
2015-01-12,0.17857142857142858
2015-01-13,0.17857142857142858
2015-01-14,0.17857142857142858
2015-01-15,0.17857142857142858
2015-01-16,0.17857142857142858
2015-01-20,0.17857142857142858
2015-01-21,0.17857142857142858
2015-01-22,0.17857142857142858
2015-01-23,0.17857142857142858
2015-01-26,0.17857142857142858
2015-01-27,0.17857142857142858
2015-01-28,0.17857142857142858
2015-01-29,0.17857142857142858
2015-01-30,0.17857142857142858
2015-02-02,0.17857142857142858
2015-02-03,0.17857142857142858
2015-02-04,0.17857142857142858
2015-02-05,0.17857142857142858
2015-02-06,0.17857142857142858
2015-02-09,0.17857142857142858
2015-02-10,0.17857142857142858
2015-02-11,0.17857142857142858
2015-02-12,0.17857142857142858
2015-02-13,0.17857142857142858
2015-02-17,0.17857142857142858
2015-02-18,0.17857142857142858
2015-02-19,0.17857142857142858
2015-02-20,0.17857142857142858
2015-02-23,0.17857142857142858
2015-02-24,0.17857142857142858
2015-02-25,0.17857142857142858
2015-02-26,0.17857142857142858
2015-02-27,0.17857142857142858
2015-03-02,0.17857142857142858
2015-03-03,0.17857142857142858
2015-03-04,0.17857142857142858
2015-03-05,0.17857142857142858
2015-03-06,0.17857142857142858
2015-03-09,0.17857142857142858
2015-03-10,0.17857142857142858
2015-03-11,0.17857142857142858
2015-03-12,0.17857142857142858
2015-03-13,0.17857142857142858
2015-03-16,0.17857142857142858
2015-03-17,0.17857142857142858
2015-03-18,0.17857142857142858
2015-03-19,0.17857142857142858
2015-03-20,0.17857142857142858
2015-03-23,0.17857142857142858
2015-03-24,0.17857142857142858
2015-03-25,0.17857142857142858
2015-03-26,0.17857142857142858
2015-03-27,0.17857142857142858
2015-03-30,0.17857142857142858
2015-03-31,0.17857142857142858
2015-04-01,0.17857142857142858
2015-04-02,0.17857142857142858
2015-04-06,0.17857142857142858
2015-04-07,0.17857142857142858
2015-04-08,0.17857142857142858
2015-04-09,0.17857142857142858
2015-04-10,0.17857142857142858
2015-04-13,0.17857142857142858
2015-04-14,0.17857142857142858
2015-04-15,0.17857142857142858
2015-04-16,0.17857142857142858
2015-04-17,0.17857142857142858
2015-04-20,0.17857142857142858
2015-04-21,0.17857142857142858
2015-04-22,0.17857142857142858
2015-04-23,0.17857142857142858
2015-04-24,0.17857142857142858
2015-04-27,0.17857142857142858
2015-04-28,0.17857142857142858
2015-04-29,0.17857142857142858
2015-04-30,0.17857142857142858
2015-05-01,0.17857142857142858
2015-05-04,0.17857142857142858
2015-05-05,0.17857142857142858
2015-05-06,0.17857142857142858
2015-05-07,0.17857142857142858
2015-05-08,0.17857142857142858
2015-05-11,0.17857142857142858
2015-05-12,0.17857142857142858
2015-05-13,0.17857142857142858
2015-05-14,0.17857142857142858
2015-05-15,0.17857142857142858
2015-05-18,0.17857142857142858
2015-05-19,0.17857142857142858
2015-05-20,0.17857142857142858
2015-05-21,0.17857142857142858
2015-05-22,0.17857142857142858
2015-05-26,0.17857142857142858
2015-05-27,0.17857142857142858
2015-05-28,0.17857142857142858
2015-05-29,0.17857142857142858
2015-06-01,0.17857142857142858
2015-06-02,0.17857142857142858
2015-06-03,0.17857142857142858
2015-06-04,0.17857142857142858
2015-06-05,0.17857142857142858
2015-06-08,0.17857142857142858
2015-06-09,0.17857142857142858
2015-06-10,0.17857142857142858
2015-06-11,0.17857142857142858
2015-06-12,0.17857142857142858
2015-06-15,0.17857142857142858
2015-06-16,0.17857142857142858
2015-06-17,0.17857142857142858
2015-06-18,0.17857142857142858
2015-06-19,0.17857142857142858
2015-06-22,0.17857142857142858
2015-06-23,-0.021098480757901092
2015-06-24,0.4591771531572868
2015-06-25,0.30030096165039216
2015-06-26,0.15615997176745078
2015-06-29,-0.0006903422738555598
2015-06-30,0.10076185352020746
2015-07-01,-0.14030640142957576
2015-07-02,-0.01826216659691949
2015-07-06,0.05939774692547459
2015-07-07,-0.8825445099049993
2015-07-08,-0.45054686360056423
2015-07-09,0.27164045749586446
2015-07-10,0.39332760845280457
2015-07-13,0.9609159555619345
2015-07-14,0.8861775457892133
2015-07-15,1.0699382478539017
2015-07-16,0.31557118674709195
2015-07-17,0.23524718974232406
2015-07-20,-0.04332632063787918
2015-07-21,-0.12607335875542341
2015-07-22,0.4720386790444255
2015-07-23,0.45516518379163423
2015-07-24,-0.39320921538983417
2015-07-27,-0.4165721617822694
2015-07-28,-0.3195322249399669
2015-07-29,0.1408249539087727
2015-07-30,-0.9405839037530492
2015-07-31,-0.40278810747708893
2015-08-03,-0.9729471009751677
2015-08-04,-0.7031606570152439
2015-08-05,0.14167310845608555
2015-08-06,0.7693866985966635
2015-08-07,0.4991829856179125
2015-08-10,0.34385473067025013
2015-08-11,-0.5036741187171752
2015-08-12,0.6156049142397251
2015-08-13,-0.09588192899560438
2015-08-14,-0.6297008681462257
2015-08-17,0.16418780051556456
2015-08-18,0.060090772256756055
2015-08-19,-0.6449325800366736
2015-08-20,-0.22257764635447697
2015-08-21,-0.10079514284168174
2015-08-24,0.9495162322638313
2015-08-25,1.5789026994377058
2015-08-26,1.1573595474649194
2015-08-27,-0.20628419112749485
2015-08-28,0.46558338780116154
2015-08-31,-0.0738760888987478
2015-09-01,-0.5419570867875866
2015-09-02,0.6466381296224127
2015-09-03,0.8996707124342701
2015-09-04,0.0436057578334289
2015-09-08,0.35404838044938375
2015-09-09,-0.010700336953134076
2015-09-10,0.681943057416788
2015-09-11,0.9533821853603553
2015-09-14,0.17857142857142858
2015-09-15,0.17857142857142858
2015-09-16,0.17857142857142858
2015-09-17,0.061833354516790534
2015-09-18,0.61064972067664
2015-09-21,0.17857142857142858
2015-09-22,0.09298480594631334
2015-09-23,-0.13408571537987354
2015-09-24,0.08796961120392374
2015-09-25,0.19085389765741972
2015-09-28,-0.623273722510339
2015-09-29,-0.22986135448698986
2015-09-30,0.09599605674334077
2015-10-01,-0.13034687515626528
2015-10-02,-0.9697829976865181
2015-10-05,0.5631980351401275
2015-10-06,0.502193740598318
2015-10-07,0.9255843250016681
2015-10-08,-0.49298704094782414
2015-10-09,0.7530826859327795
2015-10-12,-0.06896442207649098
2015-10-13,0.08913338141367078
2015-10-14,-0.08324702880955163
2015-10-15,0.5433381867986968
2015-10-16,0.14210837396051038
2015-10-19,-0.32222076563011
2015-10-20,0.07054783587674382
2015-10-21,0.0750454525503802
2015-10-22,0.12227343170288396
2015-10-23,0.6980095736060574
2015-10-26,0.048242573487747804
2015-10-27,0.8323041701039697
2015-10-28,0.3485410733774712
2015-10-29,0.39704717286695346
2015-10-30,0.43047728873902763
2015-11-02,0.6267642867677281
2015-11-03,0.5157446400129037
2015-11-04,0.8836717340622043
2015-11-05,0.3232810716724114
2015-11-06,0.40772104891092753
2015-11-09,0.17857142857142858
2015-11-10,0.17857142857142858
2015-11-11,0.17857142857142858
2015-11-12,0.09400519963710083
2015-11-13,-0.2024665182964023
2015-11-16,0.144623790871683
2015-11-17,0.045129604184529
2015-11-18,0.41115255377254273
2015-11-19,-0.4361592558897449
2015-11-20,-0.3931978357231588
2015-11-23,-0.31121598759342667
2015-11-24,-0.7295134507474946
2015-11-25,0.34555366206946614
2015-11-27,-0.10710709905826427
2015-11-30,0.8296106446543251
2015-12-01,0.21828786978909465
2015-12-02,0.23897202693077632
2015-12-03,-0.6829140122692559
2015-12-04,-0.35814959349351905
2015-12-07,0.8570765715324606
2015-12-08,1.0286499704338659
2015-12-09,-0.006816021919812405
2015-12-10,0.47437369425041886
2015-12-11,0.11121507394228765
2015-12-14,0.24126109285507874
2015-12-15,0.29488659265147027
2015-12-16,-0.47174201023913465
2015-12-17,-0.019883142588630012
2015-12-18,0.3931989348216436
2015-12-21,-0.3565789753865678
2015-12-22,0.16761012372499262
2015-12-23,0.4922801561693231
2015-12-24,0.46509848279140514
2015-12-28,0.4787398472920938
2015-12-29,0.5782983916948936
2015-12-30,0.5311084315374476
2015-12-31,0.21251690555591474
2016-01-04,0.12224527533359855
2016-01-05,0.4314231680433054
2016-01-06,0.06424016296038511
2016-01-07,0.7212346219722775
2016-01-08,0.25467264010425184
2016-01-11,0.13554657318782692
2016-01-12,0.12438409561524591
2016-01-13,0.003344810514330873
2016-01-14,-0.0500299482483927
2016-01-15,-0.25246254600573464
2016-01-19,0.9292927964812697
2016-01-20,-0.08605899057527054
2016-01-21,0.860383695204772
2016-01-22,0.895209158767452
2016-01-25,0.4929755298328041
2016-01-26,-0.282597430712194
2016-01-27,-0.4798591899331723
2016-01-28,0.34071607570057827
2016-01-29,-0.05050729902868974
2016-02-01,-0.2524330340830784
2016-02-02,-0.14363800722553216
2016-02-03,0.5767511560021109
2016-02-04,-0.026930378165518916
2016-02-05,-0.14115655616218525
2016-02-08,-0.19039676889551815
2016-02-09,0.08940585936900272
2016-02-10,1.3382356934625854
2016-02-11,0.5331032915770983
2016-02-12,-0.1951867468858494
2016-02-16,0.0321685619006116
2016-02-17,-0.021712397609160494
2016-02-18,0.15076251313322497
2016-02-19,0.648094537122621
2016-02-22,-0.27597522323663265
2016-02-23,0.9251954332875271
2016-02-24,-0.14467745487139055
2016-02-25,0.5568994093063786
2016-02-26,0.3135126696099644
2016-02-29,0.15447434464902
2016-03-01,0.17857142857142858
2016-03-02,0.17857142857142858
2016-03-03,0.06134289706074468
2016-03-04,0.04367117562460946
2016-03-07,-0.20825125772132402
2016-03-08,0.1537793590332524
2016-03-09,-0.1645134883123575
2016-03-10,0.3280227675388246
2016-03-11,0.11001446857569969
2016-03-14,0.11191872390654538
2016-03-15,0.6385481523304425
2016-03-16,-0.16746746365489582
2016-03-17,0.3846495554724917
2016-03-18,0.998947218092203
2016-03-21,-0.21413506506137603
2016-03-22,0.1682418258732634
2016-03-23,0.4533373171120704
2016-03-24,-0.34450907507344813
2016-03-28,0.541996566294005
2016-03-29,-0.23270173440454484
2016-03-30,0.24436591791574014
2016-03-31,0.4596956191768991
2016-04-01,-0.05639132314452012
2016-04-04,1.0837825676230461
2016-04-05,0.5401555904509522
2016-04-06,0.31357053695187426
2016-04-07,0.17857142857142858
2016-04-08,0.17857142857142858
2016-04-11,0.06043469068286389
2016-04-12,0.40172924980614366
2016-04-13,0.6674624124283896
2016-04-14,0.6330962714597267
2016-04-15,-0.06701262795400288
2016-04-18,0.3890767897358215
2016-04-19,0.2559313004957014
2016-04-20,-1.1085914086220885
2016-04-21,-0.4374594205903368
2016-04-22,-1.0164371436038988
2016-04-25,-1.1607457732040831
2016-04-26,-0.5318164599898294
2016-04-27,0.5981054532506876
2016-04-28,0.7736594929660897
2016-04-29,0.14060699034586888
2016-05-02,-0.49579591741990353
2016-05-03,-1.1483967489375257
2016-05-04,0.6338316436698386
2016-05-05,0.6302605710704622
2016-05-06,-0.37805077178442653
2016-05-09,0.12098484124075432
2016-05-10,-0.2695155144175753
2016-05-11,0.07682189127236302
2016-05-12,1.1031643435085412
2016-05-13,0.921292948099671
2016-05-16,0.6201186142553098
2016-05-17,0.2922823316262854
2016-05-18,0.45583542489174306
2016-05-19,0.0035503426371295485
2016-05-20,0.03899636985798507
2016-05-23,0.18973383795606258
2016-05-24,-0.14399726260861515
2016-05-25,-0.07264287428974708
2016-05-26,0.42952565333687087
2016-05-27,0.3641092496918382
2016-05-31,-0.013540313833082684
2016-06-01,-0.017861697948415495
2016-06-02,-0.16553614493709826
2016-06-03,0.7246296464815228
2016-06-06,0.8705691402183253
2016-06-07,0.17857142857142858
2016-06-08,0.17857142857142858
2016-06-09,0.17857142857142858
2016-06-10,0.17857142857142858
2016-06-13,0.17857142857142858
2016-06-14,0.17857142857142858
2016-06-15,0.17857142857142858
2016-06-16,0.17857142857142858
2016-06-17,0.17857142857142858
2016-06-20,0.09610076176387516
2016-06-21,-0.054443647565092346
2016-06-22,0.27336867509198687
2016-06-23,-0.053425967776264266
2016-06-24,0.39779515154803813
2016-06-27,0.1689708936824486
2016-06-28,0.254609398819869
2016-06-29,0.16321093783824972
2016-06-30,0.0025442278475410404
2016-07-01,-0.2341578250564758
2016-07-05,-0.18179952923889564
2016-07-06,-0.2724308521905543
2016-07-07,0.683541923895598
2016-07-08,-0.6288510030999068
2016-07-11,0.3816053943062025
2016-07-12,0.7073919268011496
2016-07-13,-0.2825777250564134
2016-07-14,-0.01394114413422469
2016-07-15,0.16566185381418974
2016-07-18,1.005523857448158
2016-07-19,-0.2656624748704392
2016-07-20,0.2844133414960426
2016-07-21,0.4080686588348221
2016-07-22,0.23727496040393337
2016-07-25,-0.7205778513977693
2016-07-26,-0.25326925767774794
2016-07-27,-0.8547034763329593
2016-07-28,-0.009812669769149573
2016-07-29,-1.2179619848870942
2016-08-01,-0.4991427432485049
2016-08-02,0.27650034094476894
2016-08-03,0.33274421646642866
2016-08-04,0.635615577926849
2016-08-05,0.665815634646463
2016-08-08,0.3896002902108472
2016-08-09,0.3776435610879176
2016-08-10,-0.17287275062005503
2016-08-11,0.6958212000964075
2016-08-12,-0.0689010414499937
2016-08-15,0.33052995788535283
2016-08-16,-0.023605531833568685
2016-08-17,0.07921867753184912
2016-08-18,0.19115717783662806
2016-08-19,0.2930421492602564
2016-08-22,0.18636017457053974
2016-08-23,0.3058576265482421
2016-08-24,0.18614255692740578
2016-08-25,0.26336523585559396
2016-08-26,0.08585818672034831
2016-08-29,0.24831189239992735
2016-08-30,0.39780999350258994
2016-08-31,0.27663980786688724
2016-09-01,-0.2892842617886002
2016-09-02,0.14628448480643
2016-09-06,0.6355698875636407
2016-09-07,0.17564245298119044
2016-09-08,0.24535059831212996
2016-09-09,-0.0024046917350547814
2016-09-12,-0.5754634064114861
2016-09-13,-0.3564231020849208
2016-09-14,-0.08696353060973094
2016-09-15,-0.644245079975072
2016-09-16,-0.09710029127515729
2016-09-19,0.2457752494925885
2016-09-20,0.8992995323542433
2016-09-21,1.1108848456376472
2016-09-22,-0.2577041473145409
2016-09-23,-0.1350751674440221
2016-09-26,0.07347216132619082
2016-09-27,0.3907005314182473
2016-09-28,0.23120020445684697
2016-09-29,0.4195574243047957
2016-09-30,-0.04439205930690834
2016-10-03,-0.608993621226883
2016-10-04,0.6756180810616118
2016-10-05,0.2354953229564748
2016-10-06,-0.22811764379424593
2016-10-07,0.18821386798327913
2016-10-10,-0.012367212241649612
2016-10-11,0.6284869095719805
2016-10-12,-0.3921260490674668
2016-10-13,0.010577121549311168
2016-10-14,-0.0044536023651706586
2016-10-17,-0.322047344051517
2016-10-18,0.48422907956355915
2016-10-19,0.6621336526580616
2016-10-20,-0.822437515955157
2016-10-21,-0.17465733068245243
2016-10-24,-0.01954935500246501
2016-10-25,-2.2893160834781385
2016-10-26,-0.9095680033543105
2016-10-27,0.24901709094555607
2016-10-28,0.3306844166351027
2016-10-31,0.16645864042174208
2016-11-01,0.058577146191836474
2016-11-02,-0.335641885661971
2016-11-03,-0.5221752421270874
2016-11-04,1.2304341455730012
2016-11-07,0.6255160536429615
2016-11-08,-0.3090818206739621
2016-11-09,0.2881504783345688
2016-11-10,0.7730247978730886
2016-11-11,0.10012540024823108
2016-11-14,-0.8559007252937227
2016-11-15,-0.08308678545643061
2016-11-16,0.2814479853341924
2016-11-17,0.4482153817018747
2016-11-18,0.5669142641330596
2016-11-21,-0.2991942801483005
2016-11-22,-0.36088061937370153
2016-11-23,0.013374911073464002
2016-11-25,-0.33237290071471515
2016-11-28,-0.6636159588224652
2016-11-29,-0.344345137180763
2016-11-30,0.0853281789837981
2016-12-01,0.43835052009773917
2016-12-02,0.5654682378491122
2016-12-05,0.5017401809503641
2016-12-06,0.8017172823817257
2016-12-07,0.06892075044098678
2016-12-08,0.174055713842515
2016-12-09,-0.12413922375202865
2016-12-12,0.49968816941952665
2016-12-13,1.2575689716552294
2016-12-14,0.541657551750406
2016-12-15,0.05868373370965421
2016-12-16,0.0669102250506662
2016-12-19,0.5062802569448718
2016-12-20,0.3660705504320866
2016-12-21,0.16860111540804246
2016-12-22,-0.10141673979638312
2016-12-23,-0.09237112369287905
2016-12-27,0.5695215174390259
2016-12-28,0.3240428785816897
2016-12-29,0.15459342034261214
2016-12-30,0.3163974272088333
2017-01-03,0.06408480157099299
2017-01-04,-0.14078855908102192
2017-01-05,0.09781862861887405
2017-01-06,-0.4081213356909251
2017-01-09,0.6007350586156112
2017-01-10,0.10985964992173954
2017-01-11,-0.14001435689387345
2017-01-12,-0.19935539427924678
2017-01-13,0.06066666831470748
2017-01-17,-1.0634036250722416
2017-01-18,1.0728559967316342
2017-01-19,-2.3817296977597393
2017-01-20,-1.3558282529653112
2017-01-23,-0.7373244760187839
2017-01-24,-0.44664154097892894
2017-01-25,-0.6365275898302144
2017-01-26,-0.6755814023415244
2017-01-27,0.896577027074496
2017-01-30,0.38291613925942936
2017-01-31,0.7877878984652334
2017-02-01,-0.5682483033314409
2017-02-02,0.5661237750270953
2017-02-03,-0.08353963476949473
2017-02-06,-0.8513710940527147
2017-02-07,0.0058295536142220425
2017-02-08,0.887319488010068
2017-02-09,-0.6398517251393887
2017-02-10,-0.13185370726524892
2017-02-13,1.2157353687588845
2017-02-14,-0.639027479222387
2017-02-15,1.6183043981112906
2017-02-16,-0.8728644143592328
2017-02-17,-1.7760726521155619
2017-02-21,0.021268562583699024
2017-02-22,-0.43893882067432516
2017-02-23,-0.5745558119446545
2017-02-24,-0.4297303192521884
2017-02-27,0.5289267450428627
2017-02-28,1.448130364939948
2017-03-01,0.3522318275801459
2017-03-02,0.2715977794519517
2017-03-03,-1.4281046390897294
2017-03-06,1.2172286398082588
2017-03-07,0.5452468611096553
2017-03-08,0.49601956143791814
2017-03-09,-0.43186836445081167
2017-03-10,0.4236567803622108
2017-03-13,0.27857845468876513
2017-03-14,0.4553364338668643
2017-03-15,-0.3790874124063961
2017-03-16,0.4143021102122271
2017-03-17,0.3169434222478349
2017-03-20,-0.06863488234556653
2017-03-21,0.6378924892302809
2017-03-22,0.906120355132832
2017-03-23,-0.3235650786680068
2017-03-24,-0.015206803614292386
2017-03-27,0.36691304061037777
2017-03-28,-0.042332625841585494
2017-03-29,0.20221914430778504
2017-03-30,0.024344076534456957
2017-03-31,0.6281837536853907
2017-04-03,-0.0863542487967266
2017-04-04,0.16803843586353484
2017-04-05,0.6868441301122945
2017-04-06,0.09652193677707036
2017-04-07,0.06284352462865113
2017-04-10,1.0246031417621497
2017-04-11,-1.0423691771457215
2017-04-12,0.9374523669919934
2017-04-13,3.21877191779344
2017-04-17,-0.21140897619461957
2017-04-18,0.3436776307533472
2017-04-19,-0.10766857457059285
2017-04-20,1.4504980592655505
2017-04-21,0.266535272731561
2017-04-24,0.3339865661139405
2017-04-25,0.09922414387717512
2017-04-26,-0.4353208607761061
2017-04-27,-0.21833616989509488
2017-04-28,0.33662179946972137
2017-05-01,-0.1081051316996432
2017-05-02,-0.2914221276156824
2017-05-03,-0.30984147151630853
2017-05-04,0.6105980801411391
2017-05-05,1.5495271580378338
2017-05-08,0.21930735167737916
2017-05-09,0.13845434615737637
2017-05-10,0.4470886570775282
2017-05-11,-0.11911209688579767
2017-05-12,0.05580733221801265
2017-05-15,0.28350627560639985
2017-05-16,0.2541191992502812
2017-05-17,0.10181308459260056
2017-05-18,0.23103958551600973
2017-05-19,0.6315156488061398
2017-05-22,0.2965621683449815
2017-05-23,0.17857142857142858
2017-05-24,0.0400634007129987
2017-05-25,0.14763124210676487
2017-05-26,0.2342402022659026
2017-05-30,0.6470397749044102
2017-05-31,0.181730536380029
2017-06-01,-0.6823680702684595
2017-06-02,0.39649921225759444
2017-06-05,-0.19658554114319382
2017-06-06,-0.14620484299163106
2017-06-07,0.3970269047582214
2017-06-08,0.39102104261694126
2017-06-09,-0.1756008407058619
2017-06-12,0.2973567020888616
2017-06-13,0.1689939906286575
2017-06-14,0.16527728280879228
2017-06-15,0.35602698083152673
2017-06-16,-0.15919374186707846
2017-06-19,-0.08068289605765464
2017-06-20,0.17284123677289184
2017-06-21,0.9337298611612469
2017-06-22,0.5381130435003967
2017-06-23,-0.6035999899449187
2017-06-26,0.20372743006673133
2017-06-27,1.151170865806002
2017-06-28,0.364065856338704
2017-06-29,0.09260943052948187
2017-06-30,0.481793167972455
2017-07-03,0.07667874676466525
2017-07-05,-0.21462088080442776
2017-07-06,0.10315018540957638
2017-07-07,0.23419973957622542
2017-07-10,0.3321913126787911
2017-07-11,0.30246531923062503
2017-07-12,-0.7227311685584639
2017-07-13,-0.889664755783088
2017-07-14,0.2343001449972058
2017-07-17,-0.18398885517347727
2017-07-18,-0.49948787732966743
2017-07-19,-0.2591495124793773
2017-07-20,-1.5163625099566937
2017-07-21,0.5428107039718184
2017-07-24,1.1885848507658225
2017-07-25,-0.18640388349598055
2017-07-26,-1.1139838667967865
2017-07-27,-0.8070500621187432
2017-07-28,0.5579704026076275
2017-07-31,-0.665003574417064
2017-08-01,-1.8503605777145173
2017-08-02,-0.6665290779779527
2017-08-03,0.9719522087991188
2017-08-04,0.660867437701876
2017-08-07,0.8223197707319515
2017-08-08,-0.19163273719012022
2017-08-09,-0.3254249002831051
2017-08-10,-0.5077526764871504
2017-08-11,-0.1380989296097212
2017-08-14,0.9936704385420073
2017-08-15,-0.17509845435222957
2017-08-16,0.5490871134708182
2017-08-17,-0.14021082851457783
2017-08-18,-0.5664717767388207
2017-08-21,-0.5718088592561403
2017-08-22,0.5665726957921521
2017-08-23,0.5366384053252452
2017-08-24,-0.4931710154029175
2017-08-25,0.48963128379672155
2017-08-28,0.4769853286887737
2017-08-29,1.2843497678375726
2017-08-30,1.7550288460057277
2017-08-31,-0.8858212045068862
2017-09-01,-1.4160331062766272
2017-09-05,0.26852420135227534
2017-09-06,-0.02597308522290904
2017-09-07,1.1231384479768662
2017-09-08,-2.4326458404873694
2017-09-11,-1.5649698421729499
2017-09-12,-0.7490836970816273
2017-09-13,0.92083581177404
2017-09-14,-0.07243140878856047
2017-09-15,-0.3169727769738988
2017-09-18,-0.4560845105439893
2017-09-19,-0.21676330308131236
2017-09-20,0.45781184581327
2017-09-21,0.33880062917851966
2017-09-22,0.47851868063613784
2017-09-25,-0.44786662407649086
2017-09-26,0.25025208672086025
2017-09-27,0.9910772375075785
2017-09-28,1.1458412578728698
2017-09-29,-0.0544701440737397
2017-10-02,-1.8701361216519263
2017-10-03,-0.7563639175976968
2017-10-04,-0.46752253727515786
2017-10-05,0.29234181383861957
2017-10-06,1.6647341093236347
2017-10-09,-0.9020138779883343
2017-10-10,0.6742944629070583
2017-10-11,0.591172773482657
2017-10-12,0.546442533867129
2017-10-13,1.2208157531759596
2017-10-16,0.15728030787895803
2017-10-17,-0.18408439820272782
2017-10-18,-0.8107570008919106
2017-10-19,-0.19010671876992447
2017-10-20,0.8148516676156664
2017-10-23,1.4925749482456987
2017-10-24,-0.10791928846599287
2017-10-25,-0.021666630884519172
2017-10-26,0.18499657094514899
2017-10-27,-0.6598641875601836
2017-10-30,0.10652978290925517
2017-10-31,-0.8647792706000627
2017-11-01,-0.4565820608009997
2017-11-02,0.24197025496682195
2017-11-03,0.6877669875152209
2017-11-06,0.10675594528324811
2017-11-07,1.4439947651408007
2017-11-08,-1.6436301347421527
2017-11-09,-0.5532715022398005
2017-11-10,0.1871351623241303
2017-11-13,-0.8416053290273023
2017-11-14,-0.9620238372654317
2017-11-15,0.35441459609922665
2017-11-16,1.1139382357573746
2017-11-17,-0.13647599323911747
2017-11-20,-0.8403839453444876
2017-11-21,-0.15267544308885167
2017-11-22,-0.3994815081958572
2017-11-24,0.12309726484206057
2017-11-27,0.26058891688663655
2017-11-28,0.8337375273180135
2017-11-29,-0.004339936032720093
2017-11-30,0.31942998276549917
2017-12-01,0.9001945307701229
2017-12-04,0.17277902859464545
2017-12-05,-0.40743910999836613
2017-12-06,0.3694476870349211
2017-12-07,-0.876920007942835
2017-12-08,-0.1624436726383126
2017-12-11,0.3318329069199526
2017-12-12,0.713524869005919
2017-12-13,1.5181276775549302
2017-12-14,0.3559708304767972
2017-12-15,0.28339144861096
2017-12-18,-0.3291461337059737
2017-12-19,-0.2082328114154755
2017-12-20,-0.1886203059569029
2017-12-21,0.20589996975644503
2017-12-22,0.4197389562041652
2017-12-26,0.4740529777674837
2017-12-27,-0.8504389676787338
2017-12-28,0.6922594641322104
2017-12-29,0.5970923296616227
2018-01-02,1.340651795361707
2018-01-03,1.1715442677717753
2018-01-04,1.9111915852022037
2018-01-05,0.09027288415352891
2018-01-08,0.328439604809458
2018-01-09,0.16112325028803118
2018-01-10,0.580490784701765
2018-01-11,0.05231896359614843
2018-01-12,-0.12477588114812362
2018-01-16,0.02951348882524068
2018-01-17,1.44836889468149
2018-01-18,0.6278361978767485
2018-01-19,0.06673644572922847
2018-01-22,0.3635347465967931
2018-01-23,0.25379789649005674
2018-01-24,-1.1001008145036768
2018-01-25,-1.5022875189153126
2018-01-26,-1.175961496375318
2018-01-29,1.4026797038129366
2018-01-30,2.237984042842711
2018-01-31,0.8610681172990143
2018-02-01,-1.1626252504506653
2018-02-02,-1.5217476163187498
2018-02-05,1.0968477806659247
2018-02-06,0.9646320175789819
2018-02-07,0.465297712658439
2018-02-08,0.13042782050433893
2018-02-09,-0.2842609202615628
2018-02-12,-0.16867491015971658
2018-02-13,0.6012003596595181
2018-02-14,-0.3548010773307356
2018-02-15,-0.36007160130019705
2018-02-16,-0.3654759508949892
2018-02-20,-0.5557143077016
2018-02-21,1.4726265368946123
2018-02-22,1.1809492464874725
2018-02-23,0.1365940560350123
2018-02-26,0.5247444476657889
2018-02-27,0.45930511463805446
2018-02-28,-1.257547402056418
2018-03-01,0.10224538386986838
2018-03-02,-0.31959595218020515
2018-03-05,-0.16055421318424928
2018-03-06,0.6245347381460516
2018-03-07,-0.6039370969734584
2018-03-08,0.36076604345510577
2018-03-09,1.3126722479853312
2018-03-12,-0.39662738875142145
2018-03-13,0.5311475519220175
2018-03-14,1.563228613500232
2018-03-15,0.5170690767482218
2018-03-16,-0.11471890711649718
2018-03-19,0.11012173793131572
2018-03-20,0.46870764399061643
2018-03-21,1.227131878936031
2018-03-22,0.8779131084407154
2018-03-23,0.1773131450264419
2018-03-26,0.17857142857142858
2018-03-27,0.17857142857142858
2018-03-28,0.17857142857142858
2018-03-29,0.17857142857142858
2018-04-02,0.17857142857142858
2018-04-03,0.17857142857142858
2018-04-04,0.04199149713622216
2018-04-05,-0.2654843657820528
2018-04-06,0.15244729232868925
2018-04-09,-0.19941891473859052
2018-04-10,0.5700222595907054
2018-04-11,0.673248311668385
2018-04-12,0.0219985225492787
2018-04-13,-0.7562020457440041
2018-04-16,0.4599154484255441
2018-04-17,0.38435173930936806
2018-04-18,0.6188122181705559
2018-04-19,-0.06676205342256739
2018-04-20,-2.5113253340927937
2018-04-23,-1.5466262932469528
2018-04-24,2.012712633763501
2018-04-25,0.9636556622182396
2018-04-26,0.2828538263296317
2018-04-27,-1.024981536696731
2018-04-30,0.9661299799389227
2018-05-01,0.49757728732017703
2018-05-02,0.8980282658053225
2018-05-03,1.1316876086771392
2018-05-04,0.7389511940102441
2018-05-07,-0.7474776436511719
2018-05-08,1.8206841655616546
2018-05-09,-0.8042924700998018
2018-05-10,-0.37635641932742636
2018-05-11,-0.6490036844497831
2018-05-14,0.5096234100320058
2018-05-15,0.3033087619856489
2018-05-16,1.5063568402339254
2018-05-17,-0.23293679002174406
2018-05-18,0.4411913315970624
2018-05-21,1.8769028051221404
2018-05-22,0.9648529356781268
2018-05-23,0.17857142857142858
2018-05-24,0.17857142857142858
2018-05-25,0.17857142857142858
2018-05-29,0.17857142857142858
2018-05-30,0.17857142857142858
2018-05-31,0.17857142857142858
2018-06-01,0.06545484882914535
2018-06-04,-0.06582503283795539
2018-06-05,0.2294400317458664
2018-06-06,-0.16689862148654322
2018-06-07,0.35088116127606306
2018-06-08,0.190710269331327
2018-06-11,-0.04607424715323845
2018-06-12,0.247220298817814
2018-06-13,-0.6525196620299161
2018-06-14,0.4406405978048733
2018-06-15,-0.3524169416037152
2018-06-18,-0.68265646638351
2018-06-19,0.13809210067609956
2018-06-20,0.4019690833372609
2018-06-21,-1.6529216452457705
2018-06-22,-0.26653684566233776
2018-06-25,-0.2781974344628023
2018-06-26,0.5817089262485062
2018-06-27,0.8883912022915587
2018-06-28,0.011129992464945518
2018-06-29,0.49911614212899347
2018-07-02,0.18203265331612412
2018-07-03,0.4336198512326443
2018-07-05,0.48244098798442037
2018-07-06,0.7520307103826082
2018-07-09,0.9064362693768743
2018-07-10,-2.010969955714725
2018-07-11,-0.7917953590575637
2018-07-12,0.437126803451679
2018-07-13,0.8241903021269386
2018-07-16,0.11676878233027088
2018-07-17,-0.6886424630712059
2018-07-18,-0.6329059833286088
2018-07-19,-1.119940005826867
2018-07-20,-1.4759348477147332
2018-07-23,3.316503425410076
2018-07-24,2.5753918938000524
2018-07-25,0.43093668669477936
2018-07-26,1.3308200444536968
2018-07-27,1.1660736358575032
2018-07-30,0.7628037841188019
2018-07-31,-0.056717073765036
2018-08-01,0.11940321786966479
2018-08-02,-0.19230904083577843
2018-08-03,0.5041838877036067
2018-08-06,-2.104450974752716
2018-08-07,1.2464496700865793
2018-08-08,0.6416583883801246
2018-08-09,0.3133211046740211
2018-08-10,1.307931063607311
2018-08-13,0.3552020879419141
2018-08-14,0.6943495655922242
2018-08-15,-0.815408435092709
2018-08-16,-0.9854148481351303
2018-08-17,0.1681388799307239
2018-08-20,0.6584673313772821
2018-08-21,0.8789312494150249
2018-08-22,1.1604574187233303
2018-08-23,0.08483778021296262
2018-08-24,1.1821136641649566
2018-08-27,-0.8539264337212567
2018-08-28,0.5263386895885623
2018-08-29,1.0523071918763434
2018-08-30,0.2128771331790537
2018-08-31,0.4579592750347308
2018-09-04,0.4246913870039749
2018-09-05,0.04859057562036531
2018-09-06,0.18336351016845776
2018-09-07,0.22155528300284244
2018-09-10,-0.38087002774060413
2018-09-11,0.12483130639234645
2018-09-12,0.28103320165381374
2018-09-13,-0.49264828520230797
2018-09-14,-0.03901188234715886
2018-09-17,0.38286372238600086
2018-09-18,-0.9243666452015524
2018-09-19,-0.7136540732078892
2018-09-20,-0.40873782456476726
2018-09-21,0.6228698271514356
2018-09-24,0.2505975162445295
2018-09-25,1.0551066011544246
2018-09-26,0.5368377450340545
2018-09-27,1.0104460116802696
2018-09-28,1.090170272120296
2018-10-01,0.48068523916495987
2018-10-02,-0.7087908371460859
2018-10-03,-0.9304587558876847
2018-10-04,0.3082266575154009
2018-10-05,0.4435018108202379
2018-10-08,0.4333069544049732
2018-10-09,1.8390864183021332
2018-10-10,1.969323403248011
2018-10-11,0.40447491915263906
2018-10-12,0.20014329718301582
2018-10-15,0.7392263743797556
2018-10-16,0.7762644866843783
2018-10-17,-0.46699923182728253
2018-10-18,0.45374196950736856
2018-10-19,-3.089836100661161
2018-10-22,0.01653601052343017
2018-10-23,-1.5370020061547134
2018-10-24,0.6000487860677152
2018-10-25,-0.014661442215127614
2018-10-26,-0.03907070209401734
2018-10-29,-0.28391927468664524
2018-10-30,0.6205916045677656
2018-10-31,-0.007352969734916295
2018-11-01,-0.1453181927655032
2018-11-02,-1.3880998782593037
2018-11-05,0.797747457902748
2018-11-06,1.436684540268233
2018-11-07,1.1962435901795139
2018-11-08,1.1222853125264958
2018-11-09,0.46548905318329575
2018-11-12,-0.09392426306387042
2018-11-13,-0.18281927666040299
2018-11-14,-0.4445727494824047
2018-11-15,0.05912759779195947
2018-11-16,0.7410046214004811
2018-11-19,-0.1057705332685572
2018-11-20,0.31417280816539217
2018-11-21,1.8372685762603282
2018-11-23,0.674374313743583
2018-11-26,0.946597414998346
2018-11-27,1.641942624139634
2018-11-28,1.5215545503463344
2018-11-29,0.7785963311421649
2018-11-30,-0.04686979992817758
2018-12-03,0.9133767682306653
2018-12-04,0.39188547186948275
2018-12-06,0.26741655696376426
2018-12-07,0.5054729491292737
2018-12-10,0.17857142857142858
2018-12-11,0.17857142857142858
2018-12-12,0.052810421540322186
2018-12-13,0.26071208885692
2018-12-14,1.707221474423757
2018-12-17,0.11154465954495936
2018-12-18,0.308963920266903
2018-12-19,0.0032220031161358034
2018-12-20,0.8150177642862287
2018-12-21,-1.217812501281375
2018-12-24,1.9870628458522481
2018-12-26,-0.010083311399847757
2018-12-27,0.18543069117021688
2018-12-28,0.9210747038578969
2018-12-31,-0.7009564193531167
2019-01-02,-0.5462480494468032
2019-01-03,0.9808427519893878
2019-01-04,1.4013099315575506
2019-01-07,-0.8192183063905549
2019-01-08,-2.968450122764006
2019-01-09,-4.1337077457970866
2019-01-10,-0.2392370161110388
2019-01-11,1.7985268686939373
2019-01-14,-1.6346354526221756
2019-01-15,2.5955405215622913
2019-01-16,3.175876041686921
2019-01-17,0.08493151022720324
2019-01-18,1.1040464649713704
2019-01-22,0.619071786906974
2019-01-23,-1.1021091242911254
2019-01-24,-0.6539590848307748
2019-01-25,-0.9014127262095767
2019-01-28,0.5675521834420258
2019-01-29,-0.03977721423679451
2019-01-30,-0.13887180062275745
2019-01-31,-0.38158169021364857
2019-02-01,0.4250797834387992
2019-02-04,0.004963281792113049
2019-02-05,1.323175925639545
2019-02-06,1.6025576882667685
2019-02-07,1.88808869621621
2019-02-08,0.06458166107183837
2019-02-11,0.017037078786941648
2019-02-12,-0.3599053074253399
2019-02-13,-0.6396147438904501
2019-02-14,1.8538520248397958
2019-02-15,-0.26184464140104674
2019-02-19,-1.1541396507117103
2019-02-20,0.2014350240197354
2019-02-21,1.409716742467223
2019-02-22,0.6520243697608624
2019-02-25,0.1287998131706422
2019-02-26,-0.29794740425007893
2019-02-27,2.232256424854323
2019-02-28,-0.5582093491748066
2019-03-01,0.11040111451145083
2019-03-04,0.18426855005353002
2019-03-05,0.6430295832255805
2019-03-06,1.565348328718495
2019-03-07,0.12204239773490942
2019-03-08,-0.33677275233521714
2019-03-11,-1.72615711191237
2019-03-12,0.9051989362631595
2019-03-13,1.19186172729778
2019-03-14,-0.2720771126005251
2019-03-15,1.6874533737177932
2019-03-18,-2.192643263026406
2019-03-19,-1.8501459524267716
2019-03-20,0.7427247601542089
2019-03-21,1.741988845350644
2019-03-22,0.8677129054771021
2019-03-25,-0.7877956628911343
2019-03-26,1.0291224719203327
2019-03-27,-1.7924629986367036
2019-03-28,0.5630821273729701
2019-03-29,2.403134396235831
2019-04-01,0.745054408985144
2019-04-02,0.8569927287403718
2019-04-03,2.753672557137173
2019-04-04,0.33671375325644565
2019-04-05,-0.4712386207980091
2019-04-08,0.12211996589577566
2019-04-09,0.875944310382306
2019-04-10,0.450889877071388
2019-04-11,-0.19399144579089367
2019-04-12,-0.5734440521747778
2019-04-15,-0.4399270449948317
2019-04-16,1.430113990396146
2019-04-17,1.9589935977520332
2019-04-18,0.4853496416316253
2019-04-22,0.17857142857142858
2019-04-23,0.17857142857142858
2019-04-24,0.17857142857142858
2019-04-25,0.0343493724065015
2019-04-26,-0.054944359826716554
2019-04-29,0.7720049635426998
2019-04-30,-0.9141772670196986
2019-05-01,0.8010543743599277
2019-05-02,-0.026409260142451096
2019-05-03,0.020343780345717405
2019-05-06,-0.22877970776076212
2019-05-07,0.7279727854005976
2019-05-08,0.45627459644345036
2019-05-09,1.265014432147369
2019-05-10,1.5380663866402968
2019-05-13,0.5342352354496394
2019-05-14,0.24319084614717024
2019-05-15,0.021010420034789215
2019-05-16,0.8278378801156153
2019-05-17,0.5989990376478312
2019-05-20,-1.1057176210434303
2019-05-21,-0.5248342657342453
2019-05-22,0.8040386397100511
2019-05-23,0.9509804595489302
2019-05-24,0.4347581662078088
2019-05-28,-0.38035930048781036
2019-05-29,0.8066619389599893
2019-05-30,0.5270905285542666
2019-05-31,0.3498439626668509
2019-06-03,-1.345998240577764
2019-06-04,0.25259037190617184
2019-06-05,0.32996157785140817
2019-06-06,-0.0650284626196736
2019-06-07,0.6884091377011409
2019-06-10,0.33252632893685224
2019-06-11,-0.08874792334485326
2019-06-12,0.9347733051305834
2019-06-13,-0.5081526438529737
2019-06-14,0.37973679085652867
2019-06-17,-1.493572168505783
2019-06-18,-1.6624039445876564
2019-06-19,1.5705366229416784
2019-06-20,0.7700177828423461
2019-06-21,0.4630208322712228
2019-06-24,0.8366176985758089
2019-06-25,1.2042347748111935
2019-06-26,1.0442833241074283
2019-06-27,-0.09949372040113408
2019-06-28,0.28626930862943417
2019-07-01,-0.31111472555414077
2019-07-02,0.42474456741016176
2019-07-03,0.6775560864214515
2019-07-05,0.04902328676385187
2019-07-08,-0.04375626047823011
2019-07-09,0.34750114479054706
2019-07-10,0.8418875397663155
2019-07-11,0.4599375213634155
2019-07-12,0.35683534041988735
2019-07-15,0.29719863427465765
2019-07-16,0.5975236984556519
2019-07-17,-1.163296980987134
2019-07-18,-4.046773156351269
2019-07-19,-3.535624421057626
2019-07-22,-1.7850964325928298
2019-07-23,-0.9277529694722569
2019-07-24,-0.4324986313500152
2019-07-25,1.3675769514102056
2019-07-26,0.613449381846816
2019-07-29,-0.40420443187815197
2019-07-30,-0.9697691932089277
2019-07-31,-1.4226842274134324
2019-08-01,0.21899903908572138
2019-08-02,2.0960956846153347
2019-08-05,2.0020128367473045
2019-08-06,1.2707924497530563
2019-08-07,0.5704966975914364
2019-08-08,-1.2949435804254041
2019-08-09,1.2543670320989695
2019-08-12,2.9018766582441793
2019-08-13,0.2994352375568657
2019-08-14,-0.3270875319888557
2019-08-15,0.43641696406610453
2019-08-16,-0.7643973769045821
2019-08-19,-0.6921445980231563
2019-08-20,1.0620856651963606
2019-08-21,0.6012657531075181
2019-08-22,0.9175806560631957
2019-08-23,1.9233280033013957
2019-08-26,0.4702488300752183
2019-08-27,1.08584287629419
2019-08-28,0.02064717948243626
2019-08-29,0.41666094746151117
2019-08-30,-0.44347408354436
2019-09-03,-0.07448973347824225
2019-09-04,0.2546038438986251
2019-09-05,-0.11672186913788132
2019-09-06,0.01478018343920029
2019-09-09,-1.394925089048935
2019-09-10,1.4123408705119034
2019-09-11,0.3297077485457972
2019-09-12,-1.239507837357358
2019-09-13,0.9946030986432282
2019-09-16,0.8474835759247281
2019-09-17,1.736950152429424
2019-09-18,1.1903749074997387
2019-09-19,0.5691822219611389
2019-09-20,2.335946714513471
2019-09-23,1.73902169699278
2019-09-24,0.0036740210626773837
2019-09-25,-1.2649797016360236
2019-09-26,-0.6433469699319553
2019-09-27,-0.2199799680240127
2019-09-30,1.8025523033902338
2019-10-01,-0.018573868376204956
2019-10-02,-3.40305020149898
2019-10-03,0.6195334895661174
2019-10-04,0.8267919219319709
2019-10-07,0.2432501898413672
2019-10-08,0.4585046603629681
2019-10-09,2.9970189926549007
2019-10-10,2.2901215335645393
2019-10-11,0.3103726409660148
2019-10-14,0.8206432813664739
2019-10-15,2.114827262051633
2019-10-16,0.17857142857142858
2019-10-17,-0.139190819332624
2019-10-18,-0.6747232152098502
2019-10-21,0.8923306575387907
2019-10-22,4.019786027180692
2019-10-23,-0.0686372058585245
2019-10-24,-1.8196959975274893
2019-10-25,0.822985598437414
2019-10-28,1.0892338124279144
2019-10-29,0.6136128386641387
2019-10-30,0.3066725471007551
2019-10-31,0.6669054550753494
2019-11-01,0.16217090157467445
2019-11-04,1.9242464753106587
2019-11-05,0.7394165260028275
2019-11-06,1.1939785713538753
2019-11-07,0.17625081612744137
2019-11-08,0.04489644937541733
2019-11-11,1.2010295329585228
2019-11-12,0.17857142857142858
2019-11-13,0.17857142857142858
2019-11-14,0.17857142857142858
2019-11-15,0.17857142857142858
2019-11-18,0.019458123104152514
2019-11-19,0.6140478814368809
2019-11-20,-0.12168625447809764
2019-11-21,-0.2997317799803998
2019-11-22,0.41094046349247915
2019-11-25,-1.1167283294577746
2019-11-26,0.30049931831514065
2019-11-27,0.4915033345219718
2019-11-29,0.44012408776738776
2019-12-02,0.7752332426517715
2019-12-03,-0.30099386747418033
2019-12-04,0.6015117499442577
2019-12-05,-0.2912231297252219
2019-12-06,-0.06785263191919791
2019-12-09,0.7259912910746297
2019-12-10,-0.41405447022563746
2019-12-11,0.33948549602030853
2019-12-12,-0.008152160596801072
2019-12-13,-0.035852768882022934
2019-12-16,0.45423270943912575
2019-12-17,-0.016597754437044754
2019-12-18,0.5958640685480593
2019-12-19,0.17857142857142858
2019-12-20,0.010771853622532024
2019-12-23,0.6018663343313781
2019-12-24,-0.13826903866946358
2019-12-26,-0.0735796078952603
2019-12-27,0.2886310400771133
2019-12-30,0.07028090479279649
2019-12-31,0.4428175084464363
2020-01-02,-0.10077906823320443
2020-01-03,0.08228303808996934
2020-01-06,-0.8239858204763062
2020-01-07,0.21124435582019546
2020-01-08,-0.7678221050093604
2020-01-09,-0.3850680590967085
2020-01-10,-1.6532735778031091
2020-01-13,-0.35869134185468426
2020-01-14,-0.32931719169461865
2020-01-15,2.7490230741579516
2020-01-16,0.9053567820381474
2020-01-17,-0.009408692027714771
2020-01-21,0.7990043838558956
2020-01-22,-0.8418949364652666
2020-01-23,1.6761425696114143
2020-01-24,1.666396982505738
2020-01-27,-1.194481729011457
2020-01-28,-0.7906195923833814
2020-01-29,-0.3640746196389106
2020-01-30,-0.9592726401571344
2020-01-31,0.31799973363397915
2020-02-03,1.1756066435827648
2020-02-04,0.5164852060845996
2020-02-05,0.6733942988811892
2020-02-06,1.3785670819255231
2020-02-07,-0.0628431587723302
2020-02-10,-0.31884107079054896
2020-02-11,-1.3089354172215415
2020-02-12,0.7192222924699236
2020-02-13,-1.2193604468722978
2020-02-14,1.3247337578416984
2020-02-18,0.25762037773815216
2020-02-19,-0.11908103589296243
2020-02-20,0.9273143228964915
2020-02-21,-0.3657547449289006
2020-02-24,-0.4907149155336053
2020-02-25,2.3089589145503764
2020-02-26,-0.24161352496264876
2020-02-27,-0.9808162447300282
2020-02-28,1.8290048753014765
2020-03-02,1.5972804701869503
2020-03-03,-0.04448564594367846
2020-03-04,-1.4405502753648518
2020-03-05,-0.08452179847391028
2020-03-06,-0.706334565456779
2020-03-09,-2.016399950428974
2020-03-10,1.9419327814442082
2020-03-11,2.8896040534912215
2020-03-12,-1.5150830173947054
2020-03-13,-2.6971962364329456
2020-03-16,-1.6291655452400366
2020-03-17,-2.6856694551543914
2020-03-18,7.699545032079881
2020-03-19,-0.1879768609506327
2020-03-20,-1.0613450626582959
2020-03-23,0.06601346325899926
2020-03-24,1.185244431751024
2020-03-25,6.771420916912786
2020-03-26,-1.2700166513584308
2020-03-27,-3.250044788619077
2020-03-30,2.893395781995296
2020-03-31,2.761027990540421
2020-04-01,-1.7325870132084402
2020-04-02,0.43243582712293155
2020-04-03,2.5454247718662146
2020-04-06,0.8572550925523849
2020-04-07,4.283844348943359
2020-04-08,1.997704380600789
2020-04-09,2.272874500914089
2020-04-13,-0.6105300595473941
2020-04-14,-0.5003922645824087
2020-04-15,-1.7268430277784248
2020-04-16,-0.45958722679517217
2020-04-17,1.364702619379811
2020-04-20,0.7545433245786308
2020-04-21,-0.2964979492856771
2020-04-22,-1.4467213482027281
2020-04-23,2.774130290221795
2020-04-24,0.2922798859963782
2020-04-27,-0.6562216186137136
2020-04-28,-1.4374191384968444
2020-04-29,4.395277268257761
2020-04-30,1.2256887032495882
2020-05-01,2.7938484341742673
2020-05-04,0.17857142857142858
2020-05-05,0.17857142857142858
2020-05-06,0.020075926544916856
2020-05-07,1.2259316821759203
2020-05-08,0.39119006872346973
2020-05-11,-0.12259977501422334
2020-05-12,0.5985342618168509
2020-05-13,-0.5056512418941027
2020-05-14,0.8731260787626965
2020-05-15,1.0526487971394742
2020-05-18,2.174700059184027
2020-05-19,1.0086525833502797
2020-05-20,0.17857142857142858
2020-05-21,0.02027017219003982
2020-05-22,-0.33470928546698653
2020-05-26,-2.4715828827869157
2020-05-27,0.6928715792340158
2020-05-28,0.9182518521556543
2020-05-29,1.9996270504934444
2020-06-01,0.842812408801689
2020-06-02,0.7464662803448778
2020-06-03,0.8703922860983259
2020-06-04,-3.9438907293137073
2020-06-05,0.39763668119409257
2020-06-08,-0.8605279973201302
2020-06-09,3.6814127467153335
2020-06-10,2.9709846707219394
2020-06-11,2.077205461437057
2020-06-12,0.4848740605610796
2020-06-15,0.1677385797817758
2020-06-16,2.222975251185435
2020-06-17,0.009911035780063596
2020-06-18,-0.7639625954348952
2020-06-19,1.6112307807762725
2020-06-22,0.32259453950041644
2020-06-23,0.880225358854955
2020-06-24,-0.48912422772760783
2020-06-25,-1.373648882770989
2020-06-26,0.25915565290226616
2020-06-29,2.1904852690870054
2020-06-30,1.0058727521896882
2020-07-01,1.8378278301213273
2020-07-02,-0.4742231863100288
2020-07-06,-0.5849960288549835
2020-07-07,-1.103643403818604
2020-07-08,1.0452452912081986
2020-07-09,-0.3918106528863062
2020-07-10,-0.9778956272153715
2020-07-13,-0.6516101905315862
2020-07-14,0.951181435300208
2020-07-15,2.257164827382063
2020-07-16,0.8624824603296793
2020-07-17,-0.5915534102214063
2020-07-20,0.6432125469595456
2020-07-21,1.0337569858273514
2020-07-22,0.42525223079331137
2020-07-23,1.1745052680280184
2020-07-24,-0.9429352389972804
2020-07-27,0.8777980211638117
2020-07-28,2.0840562203101314
2020-07-29,2.4402956613003814
2020-07-30,0.00832719932672002
2020-07-31,-0.9810687832773028
2020-08-03,-0.8035748507566461
2020-08-04,0.10666139192858873
2020-08-05,-0.5229688612268247
2020-08-06,-0.3278956341428113
2020-08-07,0.03347886166555265
2020-08-10,1.7003928802656882
2020-08-11,0.10714619205363371
2020-08-12,0.041702950537170325
2020-08-13,0.044580058428583945
2020-08-14,0.8492804216429538
2020-08-17,-0.5183859378554897
2020-08-18,0.6014736886050077
2020-08-19,0.7267905068139734
2020-08-20,0.6867013904556917
2020-08-21,1.025563473400988
2020-08-24,-1.6092181786775708
2020-08-25,-0.4622880921006227
2020-08-26,-1.1899678411551393
2020-08-27,-0.6561585229346648
2020-08-28,-2.794350115523708
2020-08-31,1.075646112495475
2020-09-01,1.0202278836465903
2020-09-02,0.44423243342403396
2020-09-03,-0.18681423013464032
2020-09-04,-0.2698663422389739
2020-09-08,-0.7746624372101448
2020-09-09,0.735530174605274
2020-09-10,-0.012250819716428892
2020-09-11,0.11492399790081331
2020-09-14,0.4274206116321553
2020-09-15,-2.417549473254616
2020-09-16,1.1629897433688392
2020-09-17,-0.838735679844761
2020-09-18,0.757725780553208
2020-09-21,2.191141836325355
2020-09-22,0.6690161514872898
2020-09-23,0.7911585064101326
2020-09-24,0.600457612603983
2020-09-25,0.47893050591504815
2020-09-28,1.6647229089231
2020-09-29,0.5619330254552202
2020-09-30,-0.06331693388420345
2020-10-01,-0.20388199141451263
2020-10-02,2.315110847218655
2020-10-05,0.2987937099414876
2020-10-06,2.178595503150017
2020-10-07,0.2627977941774625
2020-10-08,-1.5468421249832935
2020-10-09,0.8606065075571462
2020-10-12,-0.3287310221330034
2020-10-13,3.100970158459668
2020-10-14,-0.5196399161731186
2020-10-15,1.1739486855236432
2020-10-16,0.17857142857142858
2020-10-19,-0.002347021932425142
2020-10-20,-0.22924467164234444
2020-10-21,-0.06754243051965939
2020-10-22,1.1039103453183803
2020-10-23,-4.567209101008095
2020-10-26,-1.994740992515727
2020-10-27,1.0306104994610124
2020-10-28,2.096996658590788
2020-10-29,-0.8259896014002872
2020-10-30,-0.8611342661848331
2020-11-02,-1.8670405094652234
2020-11-03,0.24691530082814184
2020-11-04,1.1390074550634
2020-11-05,0.6902549380023185
2020-11-06,0.2552513333918146
2020-11-09,4.024937810004101
2020-11-10,-3.9591480451253824
2020-11-11,1.8512887984942743
2020-11-12,3.2065393548143684
2020-11-13,-0.19441592833956478
2020-11-16,1.339345288138198
2020-11-17,2.0486289284317674
2020-11-18,3.556963863878606
2020-11-19,0.5593751763010955
2020-11-20,0.020125109251635007
2020-11-23,0.31969472669000365
2020-11-24,1.5256148084258163
2020-11-25,0.7319608142955972
2020-11-27,-0.7075118852831379
2020-11-30,-0.31893959812012634
2020-12-01,0.1477092067825107
2020-12-02,2.8102113201672383
2020-12-03,0.12423923606953065
2020-12-04,-0.17196326633263376
2020-12-07,3.029082353158762
2020-12-08,0.6522178433269206
2020-12-09,-0.2571127448989291
2020-12-10,-0.24624350548393026
2020-12-11,0.25642552441225414
2020-12-14,0.013231742852985215
2020-12-15,1.2962423067633815
2020-12-16,0.5679072865875482
2020-12-17,-0.22577239348057698
2020-12-18,1.7405310820761437
2020-12-21,2.0577813484138803
2020-12-22,0.17857142857142858
2020-12-23,0.17857142857142858
2020-12-24,0.17857142857142858
2020-12-28,0.17857142857142858
2020-12-29,0.17857142857142858
2020-12-30,0.17857142857142858
2020-12-31,-0.012131924843093583
2021-01-04,0.4538129299239342
2021-01-05,1.292556939950101
2021-01-06,0.3462331261294677
2021-01-07,-0.8389105210441071
2021-01-08,1.3699911354490413
2021-01-11,0.22557342936531033
2021-01-12,-1.0400250324399123
2021-01-13,-0.3446426808430658
2021-01-14,3.0330113729146055
2021-01-15,-0.5786397352399932
2021-01-19,2.975968531617496
2021-01-20,1.3231874772812864
2021-01-21,0.8830103405392642
2021-01-22,0.4984181263885107
2021-01-25,-0.7370691423721514
2021-01-26,-0.06581330891508176
2021-01-27,-0.6770984876288147
2021-01-28,1.6617442534013307
2021-01-29,1.2455473412138536
2021-02-01,1.1584950984248459
2021-02-02,-0.1725988850060063
2021-02-03,1.0781226051980044
2021-02-04,1.617240456761319
2021-02-05,-1.0178837254110635
2021-02-08,1.5770873321311043
2021-02-09,-0.4031753135165883
2021-02-10,-1.1112570077427166
2021-02-11,-0.04424192991707094
2021-02-12,-2.3154788400905675
2021-02-16,1.4487818481019341
2021-02-17,0.7403720005733238
2021-02-18,1.4030125017886397
2021-02-19,-0.977973403802269
2021-02-22,-3.370016750592809
2021-02-23,1.8827929768868397
2021-02-24,0.0035907715390233186
2021-02-25,2.6718184707587307
2021-02-26,-0.4943708757475017
2021-03-01,-0.2231077041140056
2021-03-02,0.4668230583813878
2021-03-03,-2.0798896935708755
2021-03-04,2.748063599502821
2021-03-05,-0.053556846468480974
2021-03-08,-1.099358406794996
2021-03-09,-0.4233767480111102
2021-03-10,-0.2332659857185983
2021-03-11,1.494044212619184
2021-03-12,0.4088150160932867
2021-03-15,-0.7139007807122071
2021-03-16,2.2784633778736008
2021-03-17,1.6723280316958782
2021-03-18,1.580516859422516
2021-03-19,1.034073907322876
2021-03-22,1.3308228575287717
2021-03-23,0.7559560047631554
2021-03-24,-0.4663128400114531
2021-03-25,0.2791337533595124
2021-03-26,0.018665425739270755
2021-03-29,1.902454431776923
2021-03-30,1.1258671533857456
2021-03-31,0.5464836870051696
2021-04-01,0.45740143160260227
2021-04-05,2.2069311247499295
2021-04-06,0.24123873101552512
2021-04-07,0.3962559742787124
2021-04-08,0.90432797381739
2021-04-09,-0.06794845522886273
2021-04-12,0.34187724116582485
2021-04-13,1.7158834819160431
2021-04-14,0.091298424947899
2021-04-15,1.271524772894761
2021-04-16,1.4330824963294042
2021-04-19,0.13256279736638166
2021-04-20,-0.19461382164236302
2021-04-21,2.7736011592884786
2021-04-22,0.3736025979859957
2021-04-23,6.265663559690914
2021-04-26,0.7559547163651791
2021-04-27,2.9246976289964817
2021-04-28,1.7777973561785985
2021-04-29,0.07166079880335115
2021-04-30,-1.4369491376379804
2021-05-03,0.34999622289667914
2021-05-04,-0.9532254137166577
2021-05-05,-0.1910670363114667
2021-05-06,1.353240482119184
2021-05-07,1.0724985149141428
2021-05-10,0.4373976915500595
2021-05-11,1.5248097730832944
2021-05-12,-0.9144674517699632
2021-05-13,-0.79006779532435
2021-05-14,-0.00807291838118597
2021-05-17,-0.029688613479066886
2021-05-18,1.259179579395172
2021-05-19,1.0302724943349895
2021-05-20,0.29535886894532215
2021-05-21,0.637476229498882
2021-05-24,-0.9526505926406739
2021-05-25,0.9402614052154828
2021-05-26,0.26090186730581033
2021-05-27,2.463680556996393
2021-05-28,0.17857142857142858
2021-06-01,-0.000201488750035006
2021-06-02,1.173524424478694
2021-06-03,0.09754531224326889
2021-06-04,-0.35781989344931947
2021-06-07,0.30537117502881794
2021-06-08,0.11489146260030524
2021-06-09,0.31276999207933676
2021-06-10,-0.8522234335512971
2021-06-11,-0.9594897180200749
2021-06-14,2.8795213731399714
2021-06-15,4.63919301012531
2021-06-16,0.17857142857142858
2021-06-17,0.17857142857142858
2021-06-18,0.17857142857142858
2021-06-21,0.0004819173979418445
2021-06-22,-0.030351139107723538
2021-06-23,0.7859078978369527
2021-06-24,0.19701039622158548
2021-06-25,1.6555932413754062
2021-06-28,-0.161369289989985
2021-06-29,-0.31049717579443464
2021-06-30,-0.014753159898944497
2021-07-01,0.8755179630612563
2021-07-02,-1.5287322659626177
2021-07-06,0.3034484596205156
2021-07-07,-0.22381144024605326
2021-07-08,-1.50702361125123
2021-07-09,1.8718908125448528
2021-07-12,1.251503592052698
2021-07-13,-0.6229377120696232
2021-07-14,0.4459749445649508
2021-07-15,1.9067253374490116
2021-07-16,0.28335859410356895
2021-07-19,0.225167085258566
2021-07-20,-0.49082282665888827
2021-07-21,4.136609037416476
2021-07-22,0.8949305791148161
2021-07-23,-1.3191384544112383
2021-07-26,-0.3926823024829233
2021-07-27,2.565833131202775
2021-07-28,0.6755908118727905
2021-07-29,1.9739526519387733
2021-07-30,0.6141961421757074
2021-08-02,0.13662953719652982
2021-08-03,-1.3500903125083263
2021-08-04,0.4600790748154693
2021-08-05,0.18752960339780886
2021-08-06,0.04704290155914775
2021-08-09,1.0217034811971304
2021-08-10,0.673042628080777
2021-08-11,0.36510575011364793
2021-08-12,0.16143675268006305
2021-08-13,0.6618961761374528
2021-08-16,1.1917583246431036
2021-08-17,-0.10562120322078877
2021-08-18,0.47640978817504087
2021-08-19,0.3231882077734244
2021-08-20,0.5534916466383902
2021-08-23,-0.9910507684443993
2021-08-24,1.9179184445211321
2021-08-25,0.7843456557145316
2021-08-26,0.257135009474621
2021-08-27,0.03548795995601728
2021-08-30,0.42077518300424693
2021-08-31,-0.36939726039327697
2021-09-01,-0.02829234031555765
2021-09-02,0.5893432105238627
2021-09-03,-0.07783062219901217
2021-09-07,0.11495698349768518
2021-09-08,1.391213254564504
2021-09-09,0.9381883659195519
2021-09-10,0.9883783742953627
2021-09-13,0.2822278010345761
2021-09-14,0.6124684992252987
2021-09-15,0.3673167619972899
2021-09-16,0.26513971830506355
2021-09-17,-0.05406123978433197
2021-09-20,0.04266867777323992
2021-09-21,1.1141309409307845
2021-09-22,-0.4983296963941565
2021-09-23,-0.23394706905063903
2021-09-24,-0.46099485823961794
2021-09-27,0.8746948193706156
2021-09-28,0.010127725398837176
2021-09-29,-0.08794600458991805
2021-09-30,0.1052106947076055
2021-10-01,1.532973732246539
2021-10-04,2.1286885845332058
2021-10-05,1.0457865940727331
2021-10-06,0.03467094926477378
2021-10-07,0.11497954450475821
2021-10-08,0.28199387194727454
2021-10-11,-0.02474573472073119
2021-10-12,0.264190507766483
2021-10-13,0.09482212113665052
2021-10-14,0.21614139114309988
2021-10-15,0.4436024042790529
2021-10-18,-0.3686684444413063
2021-10-19,-0.9307397402790275
2021-10-20,0.6056385852030978
2021-10-21,0.8257902114273922
2021-10-22,-0.20996735925144727
2021-10-25,0.3757529449019332
2021-10-26,-0.1384608774555036
2021-10-27,1.7133639107821552
2021-10-28,0.17932231862165005
2021-10-29,-1.1451972249764606
2021-11-01,1.571664756921815
2021-11-02,0.5309519333384014
2021-11-03,1.7155491673270675
2021-11-04,-1.71516016320526
2021-11-05,0.860213210577195
2021-11-08,3.067165743627407
2021-11-09,-0.6032916621567258
2021-11-10,-2.0254056561109453
2021-11-11,-1.3961898644454314
2021-11-12,-0.01602787547294998
2021-11-15,0.6066853231078154
2021-11-16,-0.8143107170020891
2021-11-17,1.578545981424182
2021-11-18,2.0879990510312867
2021-11-19,1.8377985146373899
2021-11-22,5.003224008636612
2021-11-23,0.17857142857142858
2021-11-24,0.17857142857142858
2021-11-26,0.17857142857142858
2021-11-29,-0.014554958472735247
2021-11-30,-0.5939458176872158
2021-12-01,0.4264151158063658
2021-12-02,0.2233351854060392
2021-12-03,-1.0972620696100734
2021-12-06,0.8591839982639058
2021-12-07,1.3321597479215352
2021-12-08,0.07321985918038025
2021-12-09,0.42158629573276957
2021-12-10,0.14651112738203048
2021-12-13,2.459092375018267
2021-12-14,-0.1475121695800285
2021-12-15,-0.6945440262229648
2021-12-16,1.1899826616125044
2021-12-17,-0.0680759746579004
2021-12-20,2.4193413706330302
2021-12-21,-0.5238972941200795
2021-12-22,0.9620596384372531
2021-12-23,-0.6622544325809444
2021-12-27,-0.8881937696510416
2021-12-28,1.0767394551729361
2021-12-29,0.32093648237329914
2021-12-30,1.655718967680145
2021-12-31,1.1589915081498174
2022-01-03,0.26961220867081676
2022-01-04,-2.382943603485588
2022-01-05,-0.16508467614432673
2022-01-06,1.4907265219682877
2022-01-07,0.3245845055442842
2022-01-10,-0.25365727981668595
2022-01-11,-1.414947280990022
2022-01-12,2.759028034036069
2022-01-13,-0.3153643158753443
2022-01-14,-1.9087034468408717
2022-01-18,1.61029091299255
2022-01-19,3.438440429733767
2022-01-20,0.9527582009679659
2022-01-21,-3.1540457154737314
2022-01-24,-0.31187913574240816
2022-01-25,1.4514100678510273
2022-01-26,-1.9843674932170314
2022-01-27,1.111080433569381
2022-01-28,2.337362745703814
2022-01-31,-0.1305412965018073
2022-02-01,0.3122887310638603
2022-02-02,-1.3397453193307967
2022-02-03,1.2331232115093234
2022-02-04,-0.741371372115999
2022-02-07,-2.7211480587430636
2022-02-08,-0.04012597696241694
2022-02-09,1.4182046242159076
2022-02-10,0.01188510592851335
2022-02-11,4.8007666928999475
2022-02-14,0.2737348847976752
2022-02-15,-0.5016856234793674
2022-02-16,-2.003607254910507
2022-02-17,-0.8343994775106842
2022-02-18,0.4124290320303081
2022-02-22,2.046359417245761
2022-02-23,1.3883601593444228
2022-02-24,2.0104020895502694
2022-02-25,-0.6727484800682781
2022-02-28,-0.3695094810426207
2022-03-01,-1.0911360599745517
2022-03-02,-0.2600784644984089
2022-03-03,1.2057283869760391
2022-03-04,0.8792964268251212
2022-03-07,0.536221617537801
2022-03-08,-0.11979488096441673
2022-03-09,1.0210362468238001
2022-03-10,-0.052276759720465166
2022-03-11,-0.08143641367387165
2022-03-14,0.47257077750203214
2022-03-15,0.9402279977941925
2022-03-16,0.3693587303781413
2022-03-17,3.877201873538828
2022-03-18,-0.8509759061237766
2022-03-21,-0.4326861628351661
2022-03-22,2.4071802008478653
2022-03-23,1.0268293727382494
2022-03-24,1.4606536735357376
2022-03-25,0.3193129159765414
2022-03-28,0.4708048796770402
2022-03-29,2.619616587781118
2022-03-30,2.430686182852206
2022-03-31,0.26253942958019516
2022-04-01,0.17857142857142858
2022-04-04,0.17857142857142858
2022-04-05,-0.22737967347359622
2022-04-06,0.5265225686450288
2022-04-07,-0.04935340851345111
2022-04-08,1.2877548347283063
2022-04-11,1.0841381993111094
2022-04-12,0.8762295933152643
2022-04-13,0.35659378816999043
2022-04-14,-1.5049507512107556
2022-04-18,1.9595602091806066
2022-04-19,-2.4299490294077124
2022-04-20,3.717681171186122
2022-04-21,-2.549844246484826
2022-04-22,6.589324888106082
2022-04-25,-0.021749237099779384
2022-04-26,-0.7723049613756351
2022-04-27,1.9273411169249188
2022-04-28,1.133821211412928
2022-04-29,0.11088486928638241
2022-05-02,5.332043662400821
2022-05-03,-1.5853831590544432
2022-05-04,-2.7779977856395255
2022-05-05,0.5789993700910904
2022-05-06,-0.5772152948103658
2022-05-09,0.03663418424472325
2022-05-10,1.3718148010840079
2022-05-11,1.1195086609830587
2022-05-12,2.2942372238016913
2022-05-13,0.9644407981388197
2022-05-16,1.1512828238465813
2022-05-17,0.4481010041527189
2022-05-18,-1.992124692850415
2022-05-19,1.0576925534011676
2022-05-20,1.7547235888448651
2022-05-23,-0.3776609334183898
2022-05-24,-0.8145978944916267
2022-05-25,1.0174368163141858
2022-05-26,2.095602407149143
2022-05-27,-0.3191565207088862
2022-05-31,-0.011317296407697075
2022-06-01,0.3746302936754773
2022-06-02,1.5037048619860838
2022-06-03,-2.0629900274214203
2022-06-06,1.1539672938419694
2022-06-07,-1.0219644461613826
2022-06-08,5.095702106653692
2022-06-09,0.06680474190883018
2022-06-10,0.3028096523832344
2022-06-13,-1.7622550902336402
2022-06-14,-0.7117094120080283
2022-06-15,-1.138683402722359
2022-06-16,-3.6815424542264203
2022-06-17,1.9712256741027678
2022-06-21,0.9930906667929686
2022-06-22,0.6540988758361038
2022-06-23,-1.0757721169548837
2022-06-24,0.9975557771635606
2022-06-27,0.8356248692435533
2022-06-28,-2.3495823257956383
2022-06-29,1.7018695033655864
2022-06-30,1.6670002901469174
2022-07-01,-0.24902717677734765
2022-07-05,-0.39315966738306024
2022-07-06,0.05321900871641749
2022-07-07,2.9246481365603634
2022-07-08,0.9384649667808552
2022-07-11,0.17369373332875265
2022-07-12,1.4496289014555888
2022-07-13,0.15233742273018536
2022-07-14,-1.1009209724649678
2022-07-15,0.007994960852728744
2022-07-18,0.9265984225002507
2022-07-19,3.2784770335255797
2022-07-20,-0.6919324790050309
2022-07-21,-0.26523696694960613
2022-07-22,-0.2272377837447886
2022-07-25,0.36016741915667255
2022-07-26,1.709782733808909
2022-07-27,0.7963241871675424
2022-07-28,-0.3968381521143165
2022-07-29,1.2700708167402466
2022-08-01,-0.499079492016813
2022-08-02,-0.9903443257410431
2022-08-03,-0.15751488114763001
2022-08-04,4.509693252147438
2022-08-05,2.413190210910503
2022-08-08,1.7079966485315758
2022-08-09,1.9742251795304164
2022-08-10,-0.8299842013572517
2022-08-11,1.1108690347148495
2022-08-12,0.11099543877565082
2022-08-15,-0.5218754806284445
2022-08-16,1.3106908481215607
2022-08-17,0.8106364434595973
2022-08-18,0.7806182082641435
2022-08-19,0.42373223157915135
2022-08-22,-1.0457439293848407
2022-08-23,-0.3029301330773094
2022-08-24,1.0390334697879127
2022-08-25,0.3987927292532011
2022-08-26,-1.5419113787182002
2022-08-29,1.3779597611919194
2022-08-30,0.514949858778833
2022-08-31,0.46459060661837104
2022-09-01,-0.4457127657439819
2022-09-02,-0.4746942517473246
2022-09-06,1.557332649211735
2022-09-07,1.6010554352380486
2022-09-08,0.17857142857142858
2022-09-09,0.17857142857142858
2022-09-12,0.17857142857142858
2022-09-13,-0.010304315456378332
2022-09-14,-1.2563134959768658
2022-09-15,1.1641049514341992
2022-09-16,1.2385373253254752
2022-09-19,-0.12312573197614021
2022-09-20,0.3693866159815442
2022-09-21,0.3145214637107424
2022-09-22,0.2981936097526336
2022-09-23,-0.8387137786100709
2022-09-26,-2.7507374601880072
2022-09-27,1.6419417266361078
2022-09-28,0.312832843808434
2022-09-29,-1.0699358724401515
2022-09-30,0.14754414762324128
2022-10-03,1.1390340000088162
2022-10-04,1.8988147654185834
2022-10-05,0.27974419322632826
2022-10-06,-1.3601927907599696
2022-10-07,-0.3385094249724778
2022-10-10,0.7909641029024755
2022-10-11,0.9475027039969312
2022-10-12,-1.2089085021390829
2022-10-13,-0.9806017114846229
2022-10-14,0.6881293568344907
2022-10-17,-0.0829903358446696
2022-10-18,1.879560400995627
2022-10-19,0.20925230834329933
2022-10-20,-0.4651119506238997
2022-10-21,2.5591204593893195
2022-10-24,-0.18500803828519669
2022-10-25,1.3052202726004947
2022-10-26,3.6013943095439553
2022-10-27,-0.387550978456923
2022-10-28,1.1583998570965357
2022-10-31,-0.24542129340148278
2022-11-01,1.4287901315642881
2022-11-02,-0.007078154596899651
2022-11-03,0.9416319743930587
2022-11-04,0.17794086179085306
2022-11-07,-1.6541288051731886
2022-11-08,3.194109540723634
2022-11-09,2.363368496674682
2022-11-10,-0.22009960612590673
2022-11-11,-1.7130967451038916
2022-11-14,-0.5222813017158235
2022-11-15,0.8997969909394656
2022-11-16,2.8174652599690284
2022-11-17,1.7041988836028035
2022-11-18,0.45259849602635466
2022-11-21,-0.21991039690638342
2022-11-22,0.15378366914012653
2022-11-23,0.9341230994108306
2022-11-25,-0.8044774609967478
2022-11-28,1.059312203840655
2022-11-29,-0.21926729287628594
2022-11-30,-2.4176289321272693
2022-12-01,-0.8097451366666973
2022-12-02,0.283124407576304
2022-12-05,0.17660434408578446
2022-12-06,0.006196890471478436
2022-12-07,-0.527611585652418
2022-12-08,-0.7980955611918535
2022-12-09,1.4973638785852004
2022-12-12,1.5373101980342014
2022-12-13,-0.24095438316554857
2022-12-14,0.42899406989167466
2022-12-15,0.7405528561302316
2022-12-16,0.9289988517242546
2022-12-19,1.5651150038013577
2022-12-20,0.30687740963626325
2022-12-21,-0.19766128007983308
2022-12-22,-0.040790117717168964
2022-12-23,-0.9313965863155903
2022-12-27,0.4391805860582821
2022-12-28,0.5016204161833616
2022-12-29,0.4434011556780707
2022-12-30,-1.7765557182371396
2023-01-03,1.1799193864314113
2023-01-04,0.14148212006287308
2023-01-05,1.5914237518399943
2023-01-06,1.7512117172643316
2023-01-09,-0.003385936594069147
2023-01-10,0.9376138883841366
2023-01-11,0.17857142857142858
2023-01-12,0.17857142857142858
2023-01-13,0.17857142857142858
2023-01-17,0.17857142857142858
2023-01-18,0.17857142857142858
2023-01-19,-0.21742842563865733
2023-01-20,-1.1272763376810135
2023-01-23,-1.3153433747015177
2023-01-24,-1.06141738561525
2023-01-25,3.205824371482967
2023-01-26,4.6772562158149205
2023-01-27,1.0181019052774563
2023-01-30,-1.5020862743968437
2023-01-31,-0.6186269424935555
2023-02-01,1.262792424071207
2023-02-02,1.6220735773248034
2023-02-03,0.9588430359694681
2023-02-06,0.4914368162483046
2023-02-07,-0.2978972313278839
2023-02-08,0.13490332244852332
2023-02-09,-1.1422343368617651
2023-02-10,0.6459553770433935
2023-02-13,-0.5201755741092984
2023-02-14,-0.038181329324553544
2023-02-15,0.5513918126674509
2023-02-16,0.6662847906573284
2023-02-17,0.9657375214039219
2023-02-21,-0.4755262514121844
2023-02-22,1.307019261573734
2023-02-23,-0.20428954226497695
2023-02-24,0.41222618508762304
2023-02-27,6.609423502429387
2023-02-28,1.5642798948424759
2023-03-01,0.5289205941209868
2023-03-02,-0.6212310295855453
2023-03-03,1.0766239882354507
2023-03-06,-2.1779850648854078
2023-03-07,0.1563638920939346
2023-03-08,2.250849168340598
2023-03-09,2.896479264217021
2023-03-10,1.9305394379101946
2023-03-13,-0.6848425114235813
2023-03-14,-1.1599315639781342
2023-03-15,-0.1355661704226603
2023-03-16,0.7591395709879256
2023-03-17,-0.7894143061011004
2023-03-20,1.2607701457234322
2023-03-21,0.1639388405240761
2023-03-22,0.41739969966182566
2023-03-23,0.8662259051920971
2023-03-24,-0.5891513689196674
2023-03-27,0.7717740294131742
2023-03-28,0.07731394902992379
2023-03-29,1.000303444347675
2023-03-30,1.8659639597115172
2023-03-31,1.9703554372754617
2023-04-03,0.17857142857142858
2023-04-04,0.17857142857142858
2023-04-05,0.17857142857142858
2023-04-06,0.17857142857142858
2023-04-10,-0.01709695098355693
2023-04-11,0.044471436386434235
2023-04-12,1.1818834361434474
2023-04-13,0.17857142857142858
2023-04-14,-0.24838432130864568
2023-04-17,-0.6097878822271864
2023-04-18,-0.996472595209846
2023-04-19,0.4745890580754771
2023-04-20,0.3404788303031913
2023-04-21,3.6634755848897336
2023-04-24,0.6856527449013013
2023-04-25,2.1515130132709457
2023-04-26,-0.3099998964967097
2023-04-27,-0.5043945910405114
2023-04-28,-0.9855463086418814
2023-05-01,-0.6648500459019263
2023-05-02,-0.7285986015269893
2023-05-03,-1.2515122978654172
2023-05-04,-1.8261498372588185
2023-05-05,-0.5932112401160289
2023-05-08,1.4955312787589743
2023-05-09,0.22089402592670673
2023-05-10,0.03280499635967271
2023-05-11,-0.5300538404175292
2023-05-12,2.2051344699296713
2023-05-15,2.7800286974135857
2023-05-16,-1.2641271451931333
2023-05-17,-0.5593114060398997
2023-05-18,-2.012588037491712
2023-05-19,1.8148019382947989
2023-05-22,5.948251342699957
2023-05-23,0.6119844289761157
2023-05-24,0.47097773669396326
2023-05-25,-0.31372856330050025
2023-05-26,0.6110013983317303
2023-05-30,1.0461782850631587
2023-05-31,0.17857142857142858
2023-06-01,0.17857142857142858
2023-06-02,-0.022698034735375516
2023-06-05,-0.3669548806292029
2023-06-06,2.3454886258959156
2023-06-07,0.17857142857142858
2023-06-08,0.17857142857142858
2023-06-09,-0.02310890826709172
2023-06-12,0.892623980365574
2023-06-13,0.41937506557479975
2023-06-14,-0.16358465848762407
2023-06-15,-0.5824260719531723
2023-06-16,1.5610401071629478
2023-06-20,0.4220212787129298
2023-06-21,0.6171653475122073
2023-06-22,0.15091555338903015
2023-06-23,0.12158683235425993
2023-06-26,-0.5272817864026718
2023-06-27,0.08530682578990145
2023-06-28,0.3266389794602334
2023-06-29,0.456926359871753
2023-06-30,-0.5017891678884641
2023-07-03,-1.3005500918585802
2023-07-05,-0.4607336466925859
2023-07-06,1.1257763982549576
2023-07-07,-0.03659038933633342
2023-07-10,0.18336058319733128
2023-07-11,1.5102547538131945
2023-07-12,0.7856265182318791
2023-07-13,-0.783966724382456
2023-07-14,-0.9827386336517235
2023-07-17,0.875493411768606
2023-07-18,0.6470852668097985
2023-07-19,-0.2426645284459475
2023-07-20,-0.02913154328095586
2023-07-21,-1.2890875337662817
2023-07-24,-3.6796505022331343
2023-07-25,0.7538487994590242
2023-07-26,-7.61869768278096
2023-07-27,-1.1170602292081135
2023-07-28,1.0744320606023838
2023-07-31,-0.7149769869533129
2023-08-01,1.4597703423960702
2023-08-02,1.5971095019941548
2023-08-03,1.0579048675550016
2023-08-04,-3.553438809367952
2023-08-07,0.7980711159070965
2023-08-08,-1.5739266903219162
2023-08-09,0.32942551530050695
2023-08-10,0.6377571504224231
2023-08-11,1.2718997933146414
2023-08-14,2.7228522268479662
2023-08-15,0.28825317952950985
2023-08-16,-0.3351428902475754
2023-08-17,-0.00470330049397457
2023-08-18,2.122095833748098
2023-08-21,0.2922092752523899
2023-08-22,0.5118199572147611
2023-08-23,2.3856527869609008
2023-08-24,-0.43757087539997963
2023-08-25,2.998098464620167
2023-08-28,-0.21980977435773472
2023-08-29,0.5480279988268233
2023-08-30,-0.139346362667765
2023-08-31,1.1038021428406568
2023-09-01,0.0871113424273782
2023-09-05,-0.18386241142697066
2023-09-06,0.026691183784893935
2023-09-07,0.17930306897492704
2023-09-08,-0.2293942522304002
2023-09-11,0.29056167240965114
2023-09-12,0.2706832647678133
2023-09-13,-1.0999911480715112
2023-09-14,0.00933905561494533
2023-09-15,-1.5377018449136033
2023-09-18,2.1621604411120043
2023-09-19,2.142614611322175
2023-09-20,0.24799459105250554
2023-09-21,-0.016614110941540403
2023-09-22,0.4941127396510289
2023-09-25,-1.1397533578452699
2023-09-26,-0.5155697633886628
2023-09-27,0.6097102867720227
2023-09-28,-0.6347498588836487
2023-09-29,0.8083520488857469
2023-10-02,3.0781071468384873
2023-10-03,-1.2314200827099409
2023-10-04,0.12908729248763
2023-10-05,0.22728206480502922
2023-10-06,1.2054198501103233
2023-10-09,-1.6395937100720388
2023-10-10,3.7211199783569975
2023-10-11,-0.3889316398745114
2023-10-12,0.2031845690784484
2023-10-13,3.858558527417295
2023-10-16,1.0440940938778942
2023-10-17,-0.8242586629630777
2023-10-18,0.8150680680269712
2023-10-19,-1.2590980359255728
2023-10-20,-1.1951037072888895
2023-10-23,0.8130628883410517
2023-10-24,-0.22196895177913095
2023-10-25,-3.7871259486756705
2023-10-26,-3.3948513905238467
2023-10-27,0.7052008790571465
2023-10-30,0.8176784659972796
2023-10-31,1.3072567188732829
2023-11-01,1.4797030167260068
2023-11-02,1.0115694245838869
2023-11-03,-0.707095697822745
2023-11-06,2.6335585187543984
2023-11-07,0.7331761060924379
2023-11-08,0.20446928440858997
2023-11-09,1.815998975018529
2023-11-10,0.8912879163656968
2023-11-13,-0.48123466058268255
2023-11-14,1.7993046494698108
2023-11-15,0.27349988060523317
2023-11-16,0.25225638328558037
2023-11-17,0.01557864380957294
2023-11-20,-0.5603803503225987
2023-11-21,-0.15857672147896482
2023-11-22,0.8080435007981916
2023-11-24,0.12876575283582598
2023-11-27,-0.8912668779686657
2023-11-28,0.7415880042982401
2023-11-29,0.38247303947429995
2023-11-30,0.8716346465297501
2023-12-01,0.07112339292390886
2023-12-04,0.45175336912266534
2023-12-05,-0.3185797921156397
2023-12-06,-0.06306005695608113
2023-12-07,-0.8773453927817287
2023-12-08,0.4068661621486295
2023-12-11,0.8646550790400556
2023-12-12,-1.297302799073121
2023-12-13,0.36682246126293055
2023-12-14,-0.7887460808465828
2023-12-15,1.1770814288559635
2023-12-18,-1.1569813578831067
2023-12-19,-0.24542762930209466
2023-12-20,0.32633143058545616
2023-12-21,0.17865133508977532
2023-12-22,0.721747973924214
2023-12-26,0.881609152982622
2023-12-27,-0.39622973957101987
2023-12-28,-0.7058079771396442
2023-12-29,0.579617012358786
2024-01-02,-0.5324664510350899
2024-01-03,2.443837956422575
2024-01-04,2.1935050673459036
2024-01-05,-0.43029558072511753
2024-01-08,-0.2780289023526259
2024-01-09,-0.17444553720313288
2024-01-10,-0.44647326436712675
2024-01-11,1.2060875315646111
2024-01-12,0.44300856501423674
2024-01-16,1.1179930756339829
2024-01-17,-0.6439957057713036
2024-01-18,2.9196538006558383
2024-01-19,0.7613241811049893
2024-01-22,0.8571460998946512
2024-01-23,1.3656399128602728
2024-01-24,0.28291005172168865
2024-01-25,-0.9305040983452396
2024-01-26,-0.012058221874583969
2024-01-29,0.4694492899394689
2024-01-30,0.5454502259462668
2024-01-31,-0.375147680156544
2024-02-01,0.27685794715145096
2024-02-02,0.7561260501068549
2024-02-05,0.3416990633749239
2024-02-06,-2.9024856879019882
2024-02-07,-1.7155350686720936
2024-02-08,-0.19898990441843875
2024-02-09,5.551660129853787
2024-02-12,0.9988365540534166
2024-02-13,-1.4446617368674919
2024-02-14,0.7270385711541995
2024-02-15,0.5293008980116245
2024-02-16,-0.08858483499247538
2024-02-20,1.4429446094875362
2024-02-21,0.6510946068484154
2024-02-22,0.851241615004947
2024-02-23,0.32102987269246547
2024-02-26,1.4822894539765439
2024-02-27,1.618447753396493
2024-02-28,2.0814103057585225
2024-02-29,0.9545929651006385
2024-03-01,1.640413290953044
2024-03-04,0.17857142857142858
2024-03-05,0.17857142857142858
2024-03-06,0.17857142857142858
2024-03-07,-0.04224441072632387
2024-03-08,-0.2820768537630234
2024-03-11,0.5169835720325835
2024-03-12,0.21850397983163433
2024-03-13,-0.5541950533405762
2024-03-14,0.5835557848841744
2024-03-15,4.211416412663017
2024-03-18,0.0792940621109869
2024-03-19,-2.3968164333934485
2024-03-20,-0.23055530892194653
2024-03-21,1.2644815333213943
2024-03-22,-1.457200911610769
2024-03-25,-0.39973591725219804
2024-03-26,-1.7795984812390473
2024-03-27,0.5905050421662503
2024-03-28,-1.4731373316420437
2024-04-01,0.576028053458391
2024-04-02,-0.3400174781081563
2024-04-03,0.744310506638374
2024-04-04,0.9573115775787261
2024-04-05,0.006339019847873217
2024-04-08,0.7538032605804502
2024-04-09,-0.291370581847148
2024-04-10,1.3933690687291067
2024-04-11,-1.0072467329002959
2024-04-12,1.53330530414399
2024-04-15,1.4892153494383276
2024-04-16,-0.8494109986466827
2024-04-17,-0.3601239749228508
2024-04-18,1.8510324220014043
2024-04-19,1.4808236096119323
2024-04-22,-1.2476941255450504
2024-04-23,1.761525476735243
2024-04-24,-0.19293097027856598
2024-04-25,-1.6692008327105723
2024-04-26,0.013725012327686574
2024-04-29,1.26106413969413
2024-04-30,2.770880075962477
2024-05-01,0.06978709559791282
2024-05-02,-1.2866146600964863
2024-05-03,1.833286572639211
2024-05-06,1.1473132978793317
2024-05-07,0.3819219750810804
2024-05-08,-0.02833309945852104
2024-05-09,0.03683733390336112
2024-05-10,-0.9549320955805497
2024-05-13,2.1331156527051225
2024-05-14,-1.0352280750350464
2024-05-15,-0.8669912207746144
2024-05-16,0.8035274523388817
2024-05-17,2.4236460845731638
2024-05-20,0.1295795165270206
2024-05-21,2.52579343616369
2024-05-22,3.1184497024802513
2024-05-23,0.5262315337325669
2024-05-24,-0.283430230248092
2024-05-28,-0.21774545477927482
2024-05-29,-1.396948213481621
2024-05-30,1.545012683679265
2024-05-31,3.028770881322566
2024-06-03,-1.0473254054077716
2024-06-04,-0.5232194787638831
2024-06-05,0.6376853033255442
2024-06-06,0.49139703710205684
2024-06-07,1.0095207536657775
2024-06-10,-0.008404659599675186
2024-06-11,0.20455566069881215
2024-06-12,0.13015772803346914
2024-06-13,-1.4312666642365752
2024-06-14,0.3346925577481619
2024-06-17,-0.4763045956628305
2024-06-18,0.5342159089094416
2024-06-20,1.9302578872393679
2024-06-21,2.4894859102535056
2024-06-24,-2.180026468575604
2024-06-25,0.6841762945187757
2024-06-26,-1.6458921687143766
2024-06-27,-3.0953271466736436
2024-06-28,-0.07791545305693776
2024-07-01,0.6979995199166228
2024-07-02,2.2883486897113334
2024-07-03,-0.047051172017718024
2024-07-05,2.1562059345653197
2024-07-08,-2.6533765847316144
2024-07-09,3.9759976107104
2024-07-10,1.118242299911103
2024-07-11,-0.5496219095660235
2024-07-12,0.901396680821035
2024-07-15,-0.14376924171781866
2024-07-16,0.7317784550444181
2024-07-17,0.9729319782460896
2024-07-18,-2.107582923747264
2024-07-19,-0.05413820603212838
2024-07-22,0.28505350028591037
2024-07-23,3.2077805282328336
2024-07-24,-0.7537199590593087
2024-07-25,2.6528433896061037
2024-07-26,1.9796683929662746
2024-07-29,-0.18487725770009036
2024-07-30,0.30345904457426903
2024-07-31,-1.2144192437369148
2024-08-01,-0.8368275698946637
2024-08-02,1.1222062839466447
2024-08-05,0.6946864562403263
2024-08-06,-0.42580310122664855
2024-08-07,1.4838287900701133
2024-08-08,-0.16394554537819883
2024-08-09,-1.5403256640694254
2024-08-12,0.8506264100601216
2024-08-13,-1.7895194033093813
2024-08-14,-0.4949469583248484
2024-08-15,1.7329299504407842
2024-08-16,2.917664964611772
2024-08-19,1.1762788226199898
2024-08-20,0.7049221424226492
2024-08-21,2.5294685800220877
2024-08-22,0.012116873768639944
2024-08-23,0.2813597868860209
2024-08-26,1.2224155250881152
2024-08-27,-1.5716006648164644
2024-08-28,-2.2796366895451454
2024-08-29,0.2826829405086718
2024-08-30,-0.4252605451597633
2024-09-03,1.7226210695609427
2024-09-04,4.284412631480917
2024-09-05,0.7551972639659282
2024-09-06,0.43688874284651746
2024-09-09,0.5773345860918156
2024-09-10,0.14245218968105286
2024-09-11,1.553269892595612
2024-09-12,0.47528827249828565
2024-09-13,-0.6081225280780916
2024-09-16,-1.0763161879101637
2024-09-17,-0.5663821309630099
2024-09-18,0.829965876428123
2024-09-19,0.6721810236640581
2024-09-20,-2.129630064658428
2024-09-23,1.332403292760339
2024-09-24,1.3043179835201397
2024-09-25,-0.11678642426997055
2024-09-26,-1.0882782840730578
2024-09-27,-1.2679657486462705
2024-09-30,-0.6955482933221435
2024-10-01,4.872806994714887
2024-10-02,2.8305192924402305
2024-10-03,1.104354193212948
2024-10-04,-2.211606600851245
2024-10-07,0.37386326227264743
2024-10-08,-0.08191070246150867
2024-10-09,1.428342012196964
2024-10-10,-0.6473411651728247
2024-10-11,1.6370641436888915
2024-10-14,-0.2010477232867321
2024-10-15,1.438270340631405
2024-10-16,3.192217266513476
2024-10-17,2.2264859528390315
2024-10-18,1.755546440247764
2024-10-21,-0.05041818714422254
2024-10-22,2.930742981871914
2024-10-23,-1.9075164597461436
2024-10-24,-0.34286873006783497
2024-10-25,-0.1330084370559395
2024-10-28,0.24799472105961184
2024-10-29,1.7321141754374474
2024-10-30,2.9244721498147133
2024-10-31,0.5578062827966612
2024-11-01,0.10080254184038334
2024-11-04,-2.386636397080236
2024-11-05,1.9313180948805213
2024-11-06,-1.512646753734717
2024-11-07,1.4135886475812005
2024-11-08,-0.3121761828417593
2024-11-11,-0.9073199869011399
2024-11-12,-1.886457076665735
2024-11-13,-3.7518686905395553
2024-11-14,-0.8887760158260261
2024-11-15,4.94003288958811
2024-11-18,5.432623059856234
2024-11-19,1.6782461809044782
2024-11-20,1.1662670920951708
2024-11-21,0.13467322409378957
2024-11-22,0.3058094460796724
2024-11-25,-0.7087923376990752
2024-11-26,-0.15357771862702674
2024-11-27,0.5955505717404744
2024-11-29,0.09107609040372161
2024-12-02,-0.7883621182191064
2024-12-03,-0.7478506800793436
2024-12-04,1.7386121295433659
2024-12-05,1.734986925063419
2024-12-06,0.971731706783866
2024-12-09,-0.2177168190699747
2024-12-10,-2.967874817518671
2024-12-11,-0.889455017872808
2024-12-12,2.9660018447282948
2024-12-13,-2.430533462332391
2024-12-16,-1.2645871067815144
2024-12-17,1.7973018090244184
2024-12-18,2.9685748188908376
2024-12-19,0.06967150594364463
2024-12-20,-1.1670948462896604
2024-12-23,1.084358711627272
2024-12-24,1.797798409293936
2024-12-26,-1.0097948830711727
2024-12-27,1.4650810715209424
2024-12-30,1.4412847024248896
2024-12-31,0.987749164684577
2025-01-02,-1.2312710754275635
2025-01-03,0.23827354564006126
2025-01-06,3.1175806004655815
2025-01-07,-1.221513508575812
2025-01-08,-3.100822650782358
2025-01-10,0.48235664327633415
2025-01-13,-3.9762604082323985
2025-01-14,0.4223883026234602
2025-01-15,1.903622754975876
2025-01-16,1.2301308361977035
2025-01-17,3.3282745841358183
2025-01-21,1.3365924701256566
2025-01-22,3.972540480967833
2025-01-23,-0.048479600632024555
2025-01-24,1.8038310408507916
2025-01-27,-2.132148356371312
2025-01-28,1.1137343053833724
2025-01-29,0.08985694651568195
2025-01-30,2.2843000126961823
2025-01-31,0.4062475002301965
2025-02-03,1.2858201150667916
2025-02-04,2.490338735249825
2025-02-05,-0.15207021734155726
2025-02-06,1.3275479917559025
2025-02-07,1.443498845859065
2025-02-10,1.9509374097062329
2025-02-11,-2.725950473631732
2025-02-12,-2.3388028025215424
2025-02-13,-3.269083331487528
2025-02-14,-1.6994820792188197
2025-02-18,0.4271116508322285
2025-02-19,-0.01630140354579252
2025-02-20,2.457354470288413
2025-02-21,3.8029181219370156
2025-02-24,2.937462050269607
2025-02-25,1.4388205697279948
2025-02-26,0.40108202547954697
2025-02-27,-0.6084330374029013
2025-02-28,1.8039557179295247
2025-03-03,-0.410145114058618
2025-03-04,-0.35068430630072134
2025-03-05,0.6305166425945385
2025-03-06,-0.24313497361960978
2025-03-07,-1.8425375365749934
2025-03-10,-3.9384643053820922
2025-03-11,2.357125138026918
2025-03-12,3.7378480532524154
2025-03-13,0.6246366843710961
2025-03-14,1.258626388821968
2025-03-17,3.1180744821947677
2025-03-18,-0.21918685979002395
2025-03-19,-0.14984821909319132
2025-03-20,-0.31814114511990066
2025-03-21,-0.7522887809439297
2025-03-24,1.6310998148458717
2025-03-25,-0.352736841590761
2025-03-26,0.8901923850857083
2025-03-27,-0.6830456401698946
2025-03-28,0.20468558798501169
2025-03-31,0.9968223695352337
2025-04-01,1.5630161018160158
2025-04-02,-0.7737665863079867
2025-04-03,-1.0642198064747224
2025-04-04,1.178130990860228
2025-04-07,0.8758935766595682
2025-04-08,0.10847972083969203
2025-04-09,1.1660445550380816
2025-04-10,0.5959170870373994
2025-04-11,-1.0166975406693117
2025-04-14,0.06246361032998864
2025-04-15,1.1693776800306286
2025-04-16,2.16250046807905
2025-04-17,2.898529705993478
2025-04-21,0.9192287390600615
2025-04-22,-1.2039146760458024
2025-04-23,-0.11211237116257144
2025-04-24,-1.4818389979712054
2025-04-25,-0.5902427374917654
2025-04-28,1.930570723526058
2025-04-29,-3.462827866307382
2025-04-30,1.6795605467635686
2025-05-01,0.408142000880663
2025-05-02,-0.8064768440356955
2025-05-05,3.1510331866734433
2025-05-06,-0.7248194237387082
2025-05-07,0.11010145060537901
2025-05-08,0.9913029540334527
2025-05-09,1.741247547284118
2025-05-12,1.2223166516016293
2025-05-13,1.1200897980430347
2025-05-14,0.8405222490848943
2025-05-15,0.242559692756944
2025-05-16,0.2975538012732351
2025-05-19,0.08298397324753619
2025-05-20,-0.6531266262241597
2025-05-21,0.1414966006785566
2025-05-22,1.1815948792120503
2025-05-23,0.22020894262063828
2025-05-27,-0.635865095612541
2025-05-28,0.22836762224913948
2025-05-29,1.0496359608881802
2025-05-30,0.29002608227743454
2025-06-02,0.7856649833584088
2025-06-03,-0.8069272060052143
2025-06-04,-0.7548873877809413
2025-06-05,-0.5400952552291776
2025-06-06,0.4734019523544666
2025-06-09,1.0399361493056503
2025-06-10,-1.4200259950936995
2025-06-11,0.6646529895355361
2025-06-12,-0.8573342309033433
2025-06-13,0.05440431107569517
2025-06-16,-2.039380251613665
2025-06-17,1.205831464098658
2025-06-18,1.8136722919148867
2025-06-20,-1.1208472476963187
2025-06-23,0.1257291759361651
2025-06-24,1.5252018660275617
2025-06-25,0.16204195128305277
2025-06-26,0.8690967540140764
2025-06-27,0.6548232637774211
2025-06-30,-0.9789258676502156
2025-07-01,0.312245509513173
2025-07-02,-1.4008389725757535
2025-07-03,1.0121777693779432
2025-07-07,0.4590217436807612
2025-07-08,0.5244960216442983
2025-07-09,-0.7031415215429595
2025-07-10,-0.8300068443181434
2025-07-11,1.277673564141474
2025-07-14,1.7713143579649668
2025-07-15,0.028506780571053103
2025-07-16,-1.3338612993143344
2025-07-17,-2.0306399948195724
2025-07-18,-1.8364947345821403
2025-07-21,2.8163796052561727
2025-07-22,-3.6155834624887087
2025-07-23,0.1966444903775333
2025-07-24,-5.609087923417525
2025-07-25,1.6466112149365808
2025-07-28,2.2639091919813854
2025-07-29,0.41564164094870304
2025-07-30,3.9304371506221036
2025-07-31,-0.6073164462900595
2025-08-01,-1.3842658902193823
2025-08-04,-3.227255362310287
2025-08-05,-2.387188100801355
2025-08-06,0.129643111075201
2025-08-07,0.4549185179816855
2025-08-08,1.1523543839670816
2025-08-11,0.0796611044497112
2025-08-12,2.9879363590559413
2025-08-13,3.2544121550739384
2025-08-14,-2.1162062863113844
2025-08-15,-0.2658450104963194
2025-08-18,-0.39041597689115554
2025-08-19,0.27150179209228764
2025-08-20,4.343241623018127
2025-08-21,1.4392914647901727
2025-08-22,0.6108808469046841
2025-08-25,-0.1626916292817878
2025-08-26,-0.9624870469099561
2025-08-27,0.904471709481465
2025-08-28,1.242579587258647
2025-08-29,-1.3978744404973509
2025-09-02,-3.557582808178486
2025-09-03,0.18706401562348807
2025-09-04,3.6834388676017205
2025-09-05,1.6772370984439284
2025-09-08,3.6425837815016098
2025-09-09,1.5549229595988558
2025-09-10,0.39984261760897266
2025-09-11,0.7935998314571252
2025-09-12,-0.19126887483102262
2025-09-15,-1.9616855619024187
2025-09-16,-1.7994031906080579
2025-09-17,-2.2773127750183235
2025-09-18,2.484193850879153
2025-09-19,2.053949364233064
2025-09-22,-0.04770898000069452
2025-09-23,2.7180085268123197
2025-09-24,-2.0302991290499746
2025-09-25,-0.07321433359164847
2025-09-26,-3.2187218085733567
2025-09-29,3.2319330599582616
2025-09-30,4.4799913306393435
2025-10-01,-0.10542456119271143
2025-10-02,0.6359864952855782
2025-10-03,1.553307126619965
2025-10-06,0.7226792571953077
2025-10-07,0.3037459789317912
2025-10-08,0.3568211100044788
2025-10-09,4.136061443591107
2025-10-10,-0.707009374035145
2025-10-13,0.7460520057085452
2025-10-14,1.1811896246511535
2025-10-15,-1.5059605143186119
2025-10-16,2.782603456912108
2025-10-17,2.5494578275412563
2025-10-20,0.13576520932510575
2025-10-21,2.0400042370305336
2025-10-22,3.146632067402402
2025-10-23,0.17857142857142858
2025-10-24,0.17857142857142858
2025-10-27,0.17857142857142858
2025-10-28,-0.02313699697650312
2025-10-29,-1.2450178783338555
2025-10-30,0.1855677919045215
2025-10-31,0.22722903560848584
2025-11-03,-0.6882139610967806
2025-11-04,-4.138418114457878
2025-11-05,1.1996448391556491
2025-11-06,-0.25613978341859994
2025-11-07,0.2853858684052918
2025-11-10,0.6438383048470481
2025-11-11,-1.669275010146165
2025-11-12,-1.3398014176145994
2025-11-13,3.2686570105665402
2025-11-14,1.038564930039149
2025-11-17,5.34171185358849
2025-11-18,0.18863177400344358
2025-11-19,-1.4955430209426996
2025-11-20,0.585448511181131
2025-11-21,-3.772313699804693
2025-11-24,3.3163507507358116
2025-11-25,2.697088364488445
2025-11-26,3.2958674959601484
2025-11-28,2.443261203944286
2025-12-01,-1.1588393737569238
2025-12-02,0.7544127641862157
2025-12-03,2.1022726753198624
2025-12-04,3.5280163307218126
2025-12-05,0.6442553376304535
2025-12-08,-0.13827601991760657
2025-12-09,2.1161620329815984
2025-12-10,0.17857142857142858
2025-12-11,-0.01967721515875126
2025-12-12,-0.37522305968325964
2025-12-15,0.5290283627269213
2025-12-16,1.1519851838777857
2025-12-17,0.8291173914676884
2025-12-18,0.7929517219386406
2025-12-19,0.17857142857142858
2025-12-22,0.17857142857142858
2025-12-23,0.17857142857142858
2025-12-24,-0.11213414693719118
2025-12-26,0.8311351759029474
2025-12-29,0.5954468854639546
2025-12-30,-0.7700236830714204
2025-12-31,-0.11288396048665977
2026-01-02,-0.09664717964704692
2026-01-05,-1.0617656781167928
2026-01-06,1.921866326327979
2026-01-07,0.6020333769385225
2026-01-08,0.6754201138708812
2026-01-09,0.17857142857142858
2026-01-12,0.17857142857142858
2026-01-13,-0.0954495608282021
2026-01-14,0.5588446085568369
2026-01-15,-0.47061440442645075
2026-01-16,1.3533176530635782
2026-01-20,1.5632227555358624
2026-01-21,-0.09096883859346103
2026-01-22,0.14084213850743135
2026-01-23,-1.0739420914224003
2026-01-26,0.16146362028532613
2026-01-27,-0.005091103328265026
2026-01-28,0.33206215877308404
2026-01-29,3.7346444875365594
2026-01-30,0.11460206892823888
2026-02-02,-0.15353915596302725
2026-02-03,-0.3943097332050818
2026-02-04,6.050427097732199
2026-02-05,-0.19867343109249141
2026-02-06,0.6748416055062858
2026-02-09,3.8760314936868063
2026-02-10,0.4802125060881218
2026-02-11,1.4941725900621325
2026-02-12,1.3490270740906964
2026-02-13,1.700018746888455
2026-02-17,3.215611123157689
2026-02-18,-0.03941411913855264
2026-02-19,0.9835697466553375
2026-02-20,-0.33083617405304255
2026-02-23,1.3842070927980459
2026-02-24,0.3603085498564955
2026-02-25,1.3875884636090732
2026-02-26,0.43924775051905285
2026-02-27,0.7036948316886065
2026-03-02,0.17857142857142858
2026-03-03,0.17857142857142858
2026-03-04,0.17857142857142858
2026-03-05,0.17857142857142858
2026-03-06,-0.0427673658319897
2026-03-09,2.9188101737365546
2026-03-10,1.800811732446701
2026-03-11,2.3966357346825733
2026-03-12,0.17857142857142858
2026-03-13,0.17857142857142858
2026-03-16,-0.03516519417899011
2026-03-17,-0.5672159491736234
2026-03-18,0.03244019289508836
2026-03-19,2.1165617461370023
2026-03-20,-0.8531226652386211
2026-03-23,-2.583312503699487
2026-03-24,1.3315165844443329
2026-03-25,0.7770647459036131
2026-03-26,-1.3469657250110605
2026-03-27,0.9478364774839965
2026-03-30,3.2056174528847254
2026-03-31,4.107270020971019
2026-04-01,-1.119538171336395
2026-04-02,-0.005606002872143315
2026-04-06,0.44970029050806376
2026-04-07,3.289284230453467
2026-04-08,-3.170377405028158
2026-04-09,3.3031311226600097
2026-04-10,0.9476640542230229
2026-04-13,-1.0340379672616364
2026-04-14,-0.11860004537734306
2026-04-15,1.391786393030606
2026-04-16,-2.383506032947444
2026-04-17,-0.06230166408119248
2026-04-20,-0.7609869670827958
2026-04-21,0.0790127856554444
2026-04-22,1.9670265860907954
2026-04-23,3.7518272781350723
2026-04-24,3.5386289769330572
2026-04-27,1.3959385309110641
2026-04-28,-1.1597496027712775
2026-04-29,-0.28045953608450114
2026-04-30,-0.6986275380569317
2026-05-01,-0.7432620260535565
2026-05-04,0.3149057388146463
2026-05-05,2.2206500859494693
2026-05-06,0.8194073763512116
2026-05-07,-0.2862228788427813
2026-05-08,1.152714403842322
2026-05-11,0.19105681924596046
2026-05-12,-3.7828242397163336
2026-05-13,-2.823531257984322
2026-05-14,0.9415291318337737
2026-05-15,0.6528824200067418
2026-05-18,1.5430119718893858
2026-05-19,0.10935825481357853
2026-05-20,4.966721204266066
2026-05-21,-0.7020872312570583
2026-05-22,1.0286588291500747
2026-05-26,0.27955528287922865
2026-05-27,2.0829461414225876
2026-05-28,0.999474715854646
2026-05-29,0.39723066581681443
2026-06-01,-3.0581967372732697
2026-06-02,1.9827960755355922
2026-06-03,2.2597179119535964
2026-06-04,5.149624812321401
2026-06-05,2.904153236705069
2026-06-08,-0.01982781420562199
2026-06-09,0.5838082789873477
2026-06-10,-1.026116800612648
2026-06-11,-3.194142721911361
2026-06-12,1.4379053941488062
2026-06-15,2.0058724895812734
2026-06-16,-0.44306467542839323
2026-06-17,3.069253548954329
2026-06-18,-1.2296230622301711
2026-06-22,0.43768824836959985
2026-06-23,-1.0683490448297162
2026-06-24,-0.8859422185543218
2026-06-25,-2.6435895739341904
2026-06-26,-1.4681971166422498
2026-06-29,-1.3469963477258389
2026-06-30,-2.869003051089716
2026-07-01,5.726712352503814
2026-07-02,-1.8765506670717058
2026-07-06,1.10635687327457
2026-07-07,0.8980374138609454
2026-07-08,2.313038609261411
2026-07-09,-0.8798795937925047
2026-07-10,-2.560864868036168
2026-07-13,0.9073159342518551
2026-07-14,6.506785956051874
2026-07-15,2.9506107205881253
2026-07-16,0.8866598754249811
2026-07-17,-3.0727209108974183
2026-07-20,0.3986479633622028
2026-07-21,1.523920211283163
2026-07-22,2.1456139062795914
2026-07-23,3.40326858725572
2026-07-24,2.67065575256819
2026-07-27,0.17857142857142858
2026-07-28,0.17857142857142858
2026-07-29,0.001104940947484534
2026-07-30,-0.9386459144754904
2026-07-31,1.5192607903023543
